Workbook

Sheet Utah Roster and Grades
A1: Offense Two Deep
A4: WR-X | I4: Left Tackle | L4: Left Guard | O4: Center | R4: Right Guard | U4: Right Tackle | AB4: WR-Z
X5: Tight End
A6: Tobias Merriweather | C6: 4.01 | I6: Caleb Lomu | K6: 5.21 | L6: Tanoa Togiai | N6: 4.51 | O6: Jaren Kump | Q6: 4.24 | R6: Michael Mokofisi | T6: 4.97 | U6: Spencer Fano | W6: 5.46 | AB6: Ryan Davis | AD6: 3.76
A7: Creed Whittmore | C7: 4.03 | E7: WR-Slot | I7: Zereoue Williams | L7: Reece Parenter | O7: Alex Harrison | R7: Keith Olson | U7: Isaiah Garcia | X7: Dallen Bentley | Z7: 4.54 | AB7: Larry Simmons | AD7: 4.4
X8: Lander Barton
E9: JJ Buchanan | G9: 3.79
E10: Smith Snowden | O10: Quarterback | S10: Running Back
O12: Devon Dampier | Q12: 4.57 | S12: Wayshawn Parker | U12: 4.96
O13: Byrd Ficklin | Q13: 4.54 | S13: NaQuari Rogers | U13: 4.05
O14: Isaac Wilson | S14: Bryce Duke
S15: Daniel Bray | U15: 4.43
A18: Defense Two Deep
A21: CB | I21: Left Defensive End | M21: Left Defensive Tackle | Q21: Right Defensive Tackle | U21: Right Defensive End | AB21: CB
A23: Blake Cotton | C23: 4.7 | I23: Logan Fano | M23: Jonah Lea'ea | Q23: Aliki Vimahi | U23: John Henry Daley | AB23: Elijah Davis
A24: Don Saunders | E24: Nickel CB | I24: Kash Dillon | M24: Pupu Sepulona | Q24: Karson Kaufusi | U24: Lance Holtzclaw | AB24: JC Hart
E26: Smith Snowden
E27: LaTristan Thompson | L27: WILL LB | Q27: MIKE LB
L29: Johnathan Hall | Q29: Trey Reynolds
L30: Levani Damuni | Q30: Cyrus Polu
J36: Free Safety | R36: Strong Safety
J38: Jackson Bennee | R38: Tao Johnson
J39: Nate Tilmon | R39: Nate Ritchie
J40: Ashton Olevao | R40: Rabbit Evans

Sheet QB Sheet
A1: Name | B1: Team | C1: # | D1: POS | E1: CONF | F1: DB | G1: ATT | H1: COMP | I1: COMP% | J1: PASS YDS | K1: PASS YPA | L1: PASS TD | M1: INT | N1: SK | O1: TWP | P1: Game Score | Q1: Normalized Game Score | S1: Game Score | T1: Average Value | U1: Film Grade | V1: Differential | W1: Conference Modifier | X1: Adjusted Game Score | Y1: Normalized Adjusted Game Score | Z1: Differential | AB1: FCS Prospect Percentile | AC1: G5 Prospect Percentile | AD1: P4 Prospect Percentile
A2: Brendan Sorsby | B2: Team | C2: 2 | D2: QB | E2: Big 12 | F2: 400 | G2: 357 | H2: 213 | I2: 0.597 | J2: 2906 | K2: 8.1 | L2: 26 | M2: 5 | N2: 7 | O2: 7 | P2: =IFERROR((I2*0.35+K2*7+L2*6+J2/25-M2*10-(N2/F2)*50-(O2/G2)*40)/50,0) -> 5.5497927 | Q2: =100*(P2-MIN($P$2:$P$692))/(MAX($P$2:$P$692) - MIN($P$2:$P$692)) -> 3.0307514 | S2: 5.5497927 | T2: 1.01 | U2: 5.49 | V2: 3.5 | W2: 1 | X2: =IFERROR((U2*0.7+T2*0.15+S2*0.15*W7),0) -> 4.743722 | Y2: =100*(X2-MIN($X$2:$X$692))/(MAX($X$2:$X$692) - MIN($X$2:$X$692)) -> 95.356812 | Z2: =Y2-Q2 -> 92.32606 | AB2: =IFERROR(__xludf.DUMMYFUNCTION("iferror(PERCENTRANK.INC(FILTER($X$2:$X$423, $U$2:$U$423<3.75), $X2), 1)"),1.0) -> 1 | AC2: =IFERROR(__xludf.DUMMYFUNCTION("iferror(PERCENTRANK.INC(FILTER($X$2:$X$423, $U$2:$U$423<4.25), $X2), 1)"),1.0) -> 1 | AD2: =IFERROR(__xludf.DUMMYFUNCTION("iferror(PERCENTRANK.INC(FILTER($X$2:$X$423, $U$2:$U$423>=4.1), $X2), 0.01)"),0.92) -> 0.92
A3: Jaden Craig | B3: HARVARD | C3: 1 | D3: QB | E3: Ivy | F3: 398 | G3: 359 | H3: 212 | I3: 0.591 | J3: 2887 | K3: 8 | L3: 25 | M3: 7 | N3: 13 | O3: 12 | P3: =IFERROR((I3*0.35+K3*7+L3*6+J3/25-M3*10-(N3/F3)*50-(O3/G3)*40)/50,0) -> 4.9743327 | Q3: =100*(P3-MIN($P$2:$P$692))/(MAX($P$2:$P$692) - MIN($P$2:$P$692)) -> 2.7578683 | S3: 4.9743327 | T3: 1.41 | U3: 5.19 | V3: 8.24 | W3: 0.9 | X3: =IFERROR((U3*0.7+T3*0.15+S3*0.15*W8),0) -> 4.5533424 | Y3: =100*(X3-MIN($X$2:$X$692))/(MAX($X$2:$X$692) - MIN($X$2:$X$692)) -> 93.002756 | Z3: =Y3-Q3 -> 90.244888 | AB3: =IFERROR(__xludf.DUMMYFUNCTION("iferror(PERCENTRANK.INC(FILTER($X$2:$X$423, $U$2:$U$423<3.75), $X3), 1)"),1.0) -> 1 | AC3: =IFERROR(__xludf.DUMMYFUNCTION("iferror(PERCENTRANK.INC(FILTER($X$2:$X$423, $U$2:$U$423<4.25), $X3), 1)"),1.0) -> 1 | AD3: =IFERROR(__xludf.DUMMYFUNCTION("iferror(PERCENTRANK.INC(FILTER($X$2:$X$423, $U$2:$U$423>=4.1), $X3), 0.01)"),0.88) -> 0.88
A4: Jax Leatherwood | B4: SE MO ST | C4: 12 | D4: QB | E4: Big South - OVC Football Association | F4: 335 | G4: 291 | H4: 176 | I4: 0.605 | J4: 1969 | K4: 6.8 | L4: 12 | M4: 2 | N4: 27 | O4: 6 | P4: =IFERROR((I4*0.35+K4*7+L4*6+J4/25-M4*10-(N4/F4)*50-(O4/G4)*40)/50,0) -> 3.4743431 | Q4: =100*(P4-MIN($P$2:$P$692))/(MAX($P$2:$P$692) - MIN($P$2:$P$692)) -> 2.0465733 | S4: 3.4743431 | T4: 3.59 | U4: 4.8 | V4: 16.75 | W4: 0.9 | X4: =IFERROR((U4*0.7+T4*0.15+S4*0.15*W9),0) -> 4.4196515 | Y4: =100*(X4-MIN($X$2:$X$692))/(MAX($X$2:$X$692) - MIN($X$2:$X$692)) -> 91.349659 | Z4: =Y4-Q4 -> 89.303086 | AB4: =IFERROR(__xludf.DUMMYFUNCTION("iferror(PERCENTRANK.INC(FILTER($X$2:$X$423, $U$2:$U$423<3.75), $X4), 1)"),1.0) -> 1 | AC4: =IFERROR(__xludf.DUMMYFUNCTION("iferror(PERCENTRANK.INC(FILTER($X$2:$X$423, $U$2:$U$423<4.25), $X4), 1)"),1.0) -> 1 | AD4: =IFERROR(__xludf.DUMMYFUNCTION("iferror(PERCENTRANK.INC(FILTER($X$2:$X$423, $U$2:$U$423>=4.1), $X4), 0.01)"),0.84) -> 0.84
A5: Dylan Raiola | B5: NEBRASKA | C5: 15 | D5: QB | E5: Big Ten | F5: 305 | G5: 261 | H5: 185 | I5: 0.709 | J5: 2039 | K5: 7.8 | L5: 18 | M5: 6 | N5: 28 | O5: 11 | P5: =IFERROR((I5*0.35+K5*7+L5*6+J5/25-M5*10-(N5/F5)*50-(O5/G5)*40)/50,0) -> 3.5626432 | Q5: =100*(P5-MIN($P$2:$P$692))/(MAX($P$2:$P$692) - MIN($P$2:$P$692)) -> 2.0884452 | S5: 3.5626432 | T5: 1 | U5: 5.36 | V5: 7.6 | W5: 1 | X5: =IFERROR((U5*0.7+T5*0.15+S5*0.15*W10),0) -> 4.3829568 | Y5: =100*(X5-MIN($X$2:$X$692))/(MAX($X$2:$X$692) - MIN($X$2:$X$692)) -> 90.895928 | Z5: =Y5-Q5 -> 88.807482 | AB5: =IFERROR(__xludf.DUMMYFUNCTION("iferror(PERCENTRANK.INC(FILTER($X$2:$X$423, $U$2:$U$423<3.75), $X5), 1)"),1.0) -> 1 | AC5: =IFERROR(__xludf.DUMMYFUNCTION("iferror(PERCENTRANK.INC(FILTER($X$2:$X$423, $U$2:$U$423<4.25), $X5), 1)"),1.0) -> 1 | AD5: =IFERROR(__xludf.DUMMYFUNCTION("iferror(PERCENTRANK.INC(FILTER($X$2:$X$423, $U$2:$U$423>=4.1), $X5), 0.01)"),0.8) -> 0.8
A6: Wyatt Bower | B6: FERRIS ST | C6: 2 | D6: QB | E6: Ferris State | F6: 185 | G6: 185 | H6: 114 | I6: 0.616 | J6: 1709 | K6: 9.2 | L6: 18 | M6: 4 | N6: 3 | O6: 3 | P6: =IFERROR((I6*0.35+K6*7+L6*6+J6/25-M6*10-(N6/F6)*50-(O6/G6)*40)/50,0) -> 3.9903228 | Q6: =100*(P6-MIN($P$2:$P$692))/(MAX($P$2:$P$692) - MIN($P$2:$P$692)) -> 2.2912508 | S6: 3.9903228 | T6: 3 | U6: 4.36 | V6: -4.99 | W6: 0.85 | X6: =IFERROR((U6*0.7+T6*0.15+S6*0.15*W11),0) -> 4.0406936 | Y6: =100*(X6-MIN($X$2:$X$692))/(MAX($X$2:$X$692) - MIN($X$2:$X$692)) -> 86.663821 | Z6: =Y6-Q6 -> 84.37257 | AB6: =IFERROR(__xludf.DUMMYFUNCTION("iferror(PERCENTRANK.INC(FILTER($X$2:$X$423, $U$2:$U$423<3.75), $X6), 1)"),0.997) -> 0.997 | AC6: =IFERROR(__xludf.DUMMYFUNCTION("iferror(PERCENTRANK.INC(FILTER($X$2:$X$423, $U$2:$U$423<4.25), $X6), 1)"),0.996) -> 0.996 | AD6: =IFERROR(__xludf.DUMMYFUNCTION("iferror(PERCENTRANK.INC(FILTER($X$2:$X$423, $U$2:$U$423>=4.1), $X6), 0.01)"),0.76) -> 0.76
A7: Ean Rodrigue | B7: NICHOLLS | C7: 11 | D7: QB | E7: Southland | F7: 158 | G7: 137 | H7: 89 | I7: 0.65 | J7: 932 | K7: 6.8 | L7: 6 | M7: 2 | N7: 8 | O7: 2 | P7: =IFERROR((I7*0.35+K7*7+L7*6+J7/25-M7*10-(N7/F7)*50-(O7/G7)*40)/50,0) -> 1.9598383 | Q7: =100*(P7-MIN($P$2:$P$692))/(MAX($P$2:$P$692) - MIN($P$2:$P$692)) -> 1.3283951 | S7: 1.9598383 | T7: 4.98 | U7: 4.28 | V7: -0.53 | W7: 0.9 | X7: =IFERROR((U7*0.7+T7*0.15+S7*0.15*W12),0) -> 4.0075782 | Y7: =100*(X7-MIN($X$2:$X$692))/(MAX($X$2:$X$692) - MIN($X$2:$X$692)) -> 86.254347 | Z7: =Y7-Q7 -> 84.925952 | AB7: =IFERROR(__xludf.DUMMYFUNCTION("iferror(PERCENTRANK.INC(FILTER($X$2:$X$423, $U$2:$U$423<3.75), $X7), 1)"),0.997) -> 0.997 | AC7: =IFERROR(__xludf.DUMMYFUNCTION("iferror(PERCENTRANK.INC(FILTER($X$2:$X$423, $U$2:$U$423<4.25), $X7), 1)"),0.996) -> 0.996 | AD7: =IFERROR(__xludf.DUMMYFUNCTION("iferror(PERCENTRANK.INC(FILTER($X$2:$X$423, $U$2:$U$423>=4.1), $X7), 0.01)"),0.72) -> 0.72
A8: Colton Joseph | B8: DOMINION | C8: 1 | D8: QB | E8: Sun Belt | F8: 355 | G8: 311 | H8: 175 | I8: 0.563 | J8: 2649 | K8: 8.5 | L8: 21 | M8: 13 | N8: 18 | O8: 12 | P8: =IFERROR((I8*0.35+K8*7+L8*6+J8/25-M8*10-(N8/F8)*50-(O8/G8)*40)/50,0) -> 3.1515686 | Q8: =100*(P8-MIN($P$2:$P$692))/(MAX($P$2:$P$692) - MIN($P$2:$P$692)) -> 1.8935136 | S8: 3.1515686 | T8: 1.42 | U8: 4.78 | V8: -1.06 | W8: 0.95 | X8: =IFERROR((U8*0.7+T8*0.15+S8*0.15*W13),0) -> 3.9844618 | Y8: =100*(X8-MIN($X$2:$X$692))/(MAX($X$2:$X$692) - MIN($X$2:$X$692)) -> 85.968511 | Z8: =Y8-Q8 -> 84.074997 | AB8: =IFERROR(__xludf.DUMMYFUNCTION("iferror(PERCENTRANK.INC(FILTER($X$2:$X$423, $U$2:$U$423<3.75), $X8), 1)"),0.997) -> 0.997 | AC8: =IFERROR(__xludf.DUMMYFUNCTION("iferror(PERCENTRANK.INC(FILTER($X$2:$X$423, $U$2:$U$423<4.25), $X8), 1)"),0.996) -> 0.996 | AD8: =IFERROR(__xludf.DUMMYFUNCTION("iferror(PERCENTRANK.INC(FILTER($X$2:$X$423, $U$2:$U$423>=4.1), $X8), 0.01)"),0.68) -> 0.68
A9: Devon Dampier | B9: UTAH | C9: 4 | D9: QB | E9: Big 12 | F9: 356 | G9: 325 | H9: 196 | I9: 0.603 | J9: 2252 | K9: 6.9 | L9: 22 | M9: 6 | N9: 8 | O9: 10 | P9: =IFERROR((I9*0.35+K9*7+L9*6+J9/25-M9*10-(N9/F9)*50-(O9/G9)*40)/50,0) -> 4.1647337 | Q9: =100*(P9-MIN($P$2:$P$692))/(MAX($P$2:$P$692) - MIN($P$2:$P$692)) -> 2.3739565 | S9: 4.1647337 | T9: 1 | U9: 4.57 | V9: 0.09 | W9: 1 | X9: =IFERROR((U9*0.7+T9*0.15+S9*0.15*W14),0) -> 3.9424746 | Y9: =100*(X9-MIN($X$2:$X$692))/(MAX($X$2:$X$692) - MIN($X$2:$X$692)) -> 85.449336 | Z9: =Y9-Q9 -> 83.07538 | AB9: =IFERROR(__xludf.DUMMYFUNCTION("iferror(PERCENTRANK.INC(FILTER($X$2:$X$423, $U$2:$U$423<3.75), $X9), 1)"),0.997) -> 0.997 | AC9: =IFERROR(__xludf.DUMMYFUNCTION("iferror(PERCENTRANK.INC(FILTER($X$2:$X$423, $U$2:$U$423<4.25), $X9), 1)"),0.996) -> 0.996 | AD9: =IFERROR(__xludf.DUMMYFUNCTION("iferror(PERCENTRANK.INC(FILTER($X$2:$X$423, $U$2:$U$423>=4.1), $X9), 0.01)"),0.64) -> 0.64
A10: Trey Hedden | B10: FURMAN | C10: 8 | D10: QB | E10: Southern | F10: 464 | G10: 439 | H10: 291 | I10: 0.663 | J10: 2972 | K10: 6.8 | L10: 17 | M10: 13 | N10: 23 | O10: 14 | P10: =IFERROR((I10*0.35+K10*7+L10*6+J10/25-M10*10-(N10/F10)*50-(O10/G10)*40)/50,0) -> 2.6991595 | Q10: =100*(P10-MIN($P$2:$P$692))/(MAX($P$2:$P$692) - MIN($P$2:$P$692)) -> 1.6789812 | S10: 2.6991595 | T10: 2.64 | U10: 4.25 | V10: 13.19 | W10: 0.9 | X10: =IFERROR((U10*0.7+T10*0.15+S10*0.15*W15),0) -> 3.7758739 | Y10: =100*(X10-MIN($X$2:$X$692))/(MAX($X$2:$X$692) - MIN($X$2:$X$692)) -> 83.389309 | Z10: =Y10-Q10 -> 81.710328 | AB10: =IFERROR(__xludf.DUMMYFUNCTION("iferror(PERCENTRANK.INC(FILTER($X$2:$X$423, $U$2:$U$423<3.75), $X10), 1)"),0.996) -> 0.996 | AC10: =IFERROR(__xludf.DUMMYFUNCTION("iferror(PERCENTRANK.INC(FILTER($X$2:$X$423, $U$2:$U$423<4.25), $X10), 1)"),0.995) -> 0.995 | AD10: =IFERROR(__xludf.DUMMYFUNCTION("iferror(PERCENTRANK.INC(FILTER($X$2:$X$423, $U$2:$U$423>=4.1), $X10), 0.01)"),0.56) -> 0.56
A11: Collin Hurst | B11: PRESBYTERN | C11: 8 | D11: QB | E11: Pioneer | F11: 348 | G11: 317 | H11: 212 | I11: 0.669 | J11: 2786 | K11: 8.8 | L11: 26 | M11: 11 | N11: 16 | O11: 14 | P11: =IFERROR((I11*0.35+K11*7+L11*6+J11/25-M11*10-(N11/F11)*50-(O11/G11)*40)/50,0) -> 4.3041748 | Q11: =100*(P11-MIN($P$2:$P$692))/(MAX($P$2:$P$692) - MIN($P$2:$P$692)) -> 2.4400794 | S11: 4.3041748 | T11: 1.21 | U11: 4.24 | V11: 3.47 | W11: 0.9 | X11: =IFERROR((U11*0.7+T11*0.15+S11*0.15*W16),0) -> 3.7305636 | Y11: =100*(X11-MIN($X$2:$X$692))/(MAX($X$2:$X$692) - MIN($X$2:$X$692)) -> 82.829044 | Z11: =Y11-Q11 -> 80.388965 | AB11: =IFERROR(__xludf.DUMMYFUNCTION("iferror(PERCENTRANK.INC(FILTER($X$2:$X$423, $U$2:$U$423<3.75), $X11), 1)"),0.996) -> 0.996 | AC11: =IFERROR(__xludf.DUMMYFUNCTION("iferror(PERCENTRANK.INC(FILTER($X$2:$X$423, $U$2:$U$423<4.25), $X11), 1)"),0.993) -> 0.993 | AD11: =IFERROR(__xludf.DUMMYFUNCTION("iferror(PERCENTRANK.INC(FILTER($X$2:$X$423, $U$2:$U$423>=4.1), $X11), 0.01)"),0.44) -> 0.44
A12: Dean DeNobile | B12: LAFAYETTE | C12: 16 | D12: QB | E12: Patriot | F12: 388 | G12: 370 | H12: 230 | I12: 0.622 | J12: 2608 | K12: 7 | L12: 19 | M12: 7 | N12: 9 | O12: 8 | P12: =IFERROR((I12*0.35+K12*7+L12*6+J12/25-M12*10-(N12/F12)*50-(O12/G12)*40)/50,0) -> 3.9102608 | Q12: =100*(P12-MIN($P$2:$P$692))/(MAX($P$2:$P$692) - MIN($P$2:$P$692)) -> 2.2532854 | S12: 3.9102608 | T12: 0.99 | U12: 4.1 | V12: 1.29 | W12: 0.9 | X12: =IFERROR((U12*0.7+T12*0.15+S12*0.15*W17),0) -> 3.5463852 | Y12: =100*(X12-MIN($X$2:$X$692))/(MAX($X$2:$X$692) - MIN($X$2:$X$692)) -> 80.551667 | Z12: =Y12-Q12 -> 78.298381 | AB12: =IFERROR(__xludf.DUMMYFUNCTION("iferror(PERCENTRANK.INC(FILTER($X$2:$X$423, $U$2:$U$423<3.75), $X12), 1)"),0.995) -> 0.995 | AC12: =IFERROR(__xludf.DUMMYFUNCTION("iferror(PERCENTRANK.INC(FILTER($X$2:$X$423, $U$2:$U$423<4.25), $X12), 1)"),0.99) -> 0.99 | AD12: =IFERROR(__xludf.DUMMYFUNCTION("iferror(PERCENTRANK.INC(FILTER($X$2:$X$423, $U$2:$U$423>=4.1), $X12), 0.01)"),0.4) -> 0.4
A13: Coulter Cleland | B13: DAVIDSON | C13: 5 | D13: QB | E13: Pioneer | F13: 401 | G13: 334 | H13: 182 | I13: 0.545 | J13: 2140 | K13: 6.4 | L13: 20 | M13: 11 | N13: 25 | O13: 19 | P13: =IFERROR((I13*0.35+K13*7+L13*6+J13/25-M13*10-(N13/F13)*50-(O13/G13)*40)/50,0) -> 2.7039619 | Q13: =100*(P13-MIN($P$2:$P$692))/(MAX($P$2:$P$692) - MIN($P$2:$P$692)) -> 1.6812585 | S13: 2.7039619 | T13: 1.8 | U13: 4.02 | V13: -5.15 | W13: 0.9 | X13: =IFERROR((U13*0.7+T13*0.15+S13*0.15*W18),0) -> 3.4490349 | Y13: =100*(X13-MIN($X$2:$X$692))/(MAX($X$2:$X$692) - MIN($X$2:$X$692)) -> 79.347923 | Z13: =Y13-Q13 -> 77.666665 | AB13: =IFERROR(__xludf.DUMMYFUNCTION("iferror(PERCENTRANK.INC(FILTER($X$2:$X$423, $U$2:$U$423<3.75), $X13), 1)"),0.995) -> 0.995 | AC13: =IFERROR(__xludf.DUMMYFUNCTION("iferror(PERCENTRANK.INC(FILTER($X$2:$X$423, $U$2:$U$423<4.25), $X13), 1)"),0.988) -> 0.988 | AD13: =IFERROR(__xludf.DUMMYFUNCTION("iferror(PERCENTRANK.INC(FILTER($X$2:$X$423, $U$2:$U$423>=4.1), $X13), 0.01)"),0.347) -> 0.347
A14: Jackson Brousseau | B14: COLO STATE | C14: 7 | D14: QB | E14: MWC | F14: 265 | G14: 215 | H14: 134 | I14: 0.623 | J14: 1400 | K14: 6.5 | L14: 9 | M14: 3 | N14: 22 | O14: 9 | P14: =IFERROR((I14*0.35+K14*7+L14*6+J14/25-M14*10-(N14/F14)*50-(O14/G14)*40)/50,0) -> 2.3978538 | Q14: =100*(P14-MIN($P$2:$P$692))/(MAX($P$2:$P$692) - MIN($P$2:$P$692)) -> 1.5361021 | S14: 2.3978538 | T14: 0.13 | U14: 4.3 | V14: 3.82 | W14: 0.95 | X14: =IFERROR((U14*0.7+T14*0.15+S14*0.15*W19),0) -> 3.3711942 | Y14: =100*(X14-MIN($X$2:$X$692))/(MAX($X$2:$X$692) - MIN($X$2:$X$692)) -> 78.385418 | Z14: =Y14-Q14 -> 76.849316 | AB14: =IFERROR(__xludf.DUMMYFUNCTION("iferror(PERCENTRANK.INC(FILTER($X$2:$X$423, $U$2:$U$423<3.75), $X14), 1)"),0.995) -> 0.995 | AC14: =IFERROR(__xludf.DUMMYFUNCTION("iferror(PERCENTRANK.INC(FILTER($X$2:$X$423, $U$2:$U$423<4.25), $X14), 1)"),0.986) -> 0.986 | AD14: =IFERROR(__xludf.DUMMYFUNCTION("iferror(PERCENTRANK.INC(FILTER($X$2:$X$423, $U$2:$U$423>=4.1), $X14), 0.01)"),0.32) -> 0.32
A15: Eli Holstein | B15: PITTSBURGH | C15: 10 | D15: QB | E15: ACC | F15: 153 | G15: 132 | H15: 78 | I15: 0.591 | J15: 1084 | K15: 8.2 | L15: 12 | M15: 6 | N15: 9 | O15: 11 | P15: =IFERROR((I15*0.35+K15*7+L15*6+J15/25-M15*10-(N15/F15)*50-(O15/G15)*40)/50,0) -> 2.1338468 | Q15: =100*(P15-MIN($P$2:$P$692))/(MAX($P$2:$P$692) - MIN($P$2:$P$692)) -> 1.41091 | S15: 2.1338468 | T15: 0.46 | U15: 4.28 | V15: -0.53 | W15: 1 | X15: =IFERROR((U15*0.7+T15*0.15+S15*0.15*W20),0) -> 3.3690732 | Y15: =100*(X15-MIN($X$2:$X$692))/(MAX($X$2:$X$692) - MIN($X$2:$X$692)) -> 78.359192 | Z15: =Y15-Q15 -> 76.948282 | AB15: =IFERROR(__xludf.DUMMYFUNCTION("iferror(PERCENTRANK.INC(FILTER($X$2:$X$423, $U$2:$U$423<3.75), $X15), 1)"),0.995) -> 0.995 | AC15: =IFERROR(__xludf.DUMMYFUNCTION("iferror(PERCENTRANK.INC(FILTER($X$2:$X$423, $U$2:$U$423<4.25), $X15), 1)"),0.986) -> 0.986 | AD15: =IFERROR(__xludf.DUMMYFUNCTION("iferror(PERCENTRANK.INC(FILTER($X$2:$X$423, $U$2:$U$423>=4.1), $X15), 0.01)"),0.28) -> 0.28
A16: Jared Lockhart | B16: JACKSON ST | C16: 11 | D16: QB | E16: SWAC | F16: 141 | G16: 111 | H16: 72 | I16: 0.649 | J16: 1128 | K16: 10.2 | L16: 7 | M16: 2 | N16: 8 | O16: 5 | P16: =IFERROR((I16*0.35+K16*7+L16*6+J16/25-M16*10-(N16/F16)*50-(O16/G16)*40)/50,0) -> 2.6821694 | Q16: =100*(P16-MIN($P$2:$P$692))/(MAX($P$2:$P$692) - MIN($P$2:$P$692)) -> 1.6709245 | S16: 2.6821694 | T16: 2.63 | U16: 3.68 | V16: -5.05 | W16: 0.9 | X16: =IFERROR((U16*0.7+T16*0.15+S16*0.15*W21),0) -> 3.3325929 | Y16: =100*(X16-MIN($X$2:$X$692))/(MAX($X$2:$X$692) - MIN($X$2:$X$692)) -> 77.908111 | Z16: =Y16-Q16 -> 76.237186 | AB16: =IFERROR(__xludf.DUMMYFUNCTION("iferror(PERCENTRANK.INC(FILTER($X$2:$X$423, $U$2:$U$423<3.75), $X16), 1)"),0.995) -> 0.995 | AC16: =IFERROR(__xludf.DUMMYFUNCTION("iferror(PERCENTRANK.INC(FILTER($X$2:$X$423, $U$2:$U$423<4.25), $X16), 1)"),0.983) -> 0.983 | AD16: =IFERROR(__xludf.DUMMYFUNCTION("iferror(PERCENTRANK.INC(FILTER($X$2:$X$423, $U$2:$U$423>=4.1), $X16), 0.01)"),0.237) -> 0.237
A17: Liam O'Brien | B17: PENN | C17: 2 | D17: QB | E17: Ivy | F17: 380 | G17: 338 | H17: 219 | I17: 0.648 | J17: 2499 | K17: 7.4 | L17: 19 | M17: 7 | N17: 19 | O17: 14 | P17: =IFERROR((I17*0.35+K17*7+L17*6+J17/25-M17*10-(N17/F17)*50-(O17/G17)*40)/50,0) -> 3.8365999 | Q17: =100*(P17-MIN($P$2:$P$692))/(MAX($P$2:$P$692) - MIN($P$2:$P$692)) -> 2.2183554 | S17: 3.8365999 | T17: 1.32 | U17: 3.69 | V17: 5.45 | W17: 0.9 | X17: =IFERROR((U17*0.7+T17*0.15+S17*0.15*W22),0) -> 3.298941 | Y17: =100*(X17-MIN($X$2:$X$692))/(MAX($X$2:$X$692) - MIN($X$2:$X$692)) -> 77.492003 | Z17: =Y17-Q17 -> 75.273648 | AB17: =IFERROR(__xludf.DUMMYFUNCTION("iferror(PERCENTRANK.INC(FILTER($X$2:$X$423, $U$2:$U$423<3.75), $X17), 1)"),0.992) -> 0.992 | AC17: =IFERROR(__xludf.DUMMYFUNCTION("iferror(PERCENTRANK.INC(FILTER($X$2:$X$423, $U$2:$U$423<4.25), $X17), 1)"),0.98) -> 0.98 | AD17: =IFERROR(__xludf.DUMMYFUNCTION("iferror(PERCENTRANK.INC(FILTER($X$2:$X$423, $U$2:$U$423>=4.1), $X17), 0.01)"),0.229) -> 0.229
A18: Johnny Weber | B18: SE MO ST | C18: 4 | D18: QB | E18: Big South - OVC Football Association | F18: 217 | G18: 194 | H18: 114 | I18: 0.588 | J18: 1178 | K18: 6.1 | L18: 8 | M18: 5 | N18: 14 | O18: 9 | P18: =IFERROR((I18*0.35+K18*7+L18*6+J18/25-M18*10-(N18/F18)*50-(O18/G18)*40)/50,0) -> 1.6588865 | Q18: =100*(P18-MIN($P$2:$P$692))/(MAX($P$2:$P$692) - MIN($P$2:$P$692)) -> 1.1856838 | S18: 1.6588865 | T18: 4.2 | U18: 3.43 | V18: 8.05 | W18: 0.9 | X18: =IFERROR((U18*0.7+T18*0.15+S18*0.15*W23),0) -> 3.2673913 | Y18: =100*(X18-MIN($X$2:$X$692))/(MAX($X$2:$X$692) - MIN($X$2:$X$692)) -> 77.10189 | Z18: =Y18-Q18 -> 75.916206 | AB18: =IFERROR(__xludf.DUMMYFUNCTION("iferror(PERCENTRANK.INC(FILTER($X$2:$X$423, $U$2:$U$423<3.75), $X18), 1)"),0.99) -> 0.99 | AC18: =IFERROR(__xludf.DUMMYFUNCTION("iferror(PERCENTRANK.INC(FILTER($X$2:$X$423, $U$2:$U$423<4.25), $X18), 1)"),0.975) -> 0.975 | AD18: =IFERROR(__xludf.DUMMYFUNCTION("iferror(PERCENTRANK.INC(FILTER($X$2:$X$423, $U$2:$U$423>=4.1), $X18), 0.01)"),0.222) -> 0.222
A19: Amari Odom | B19: KENNESAW | C19: 2 | D19: QB | E19: C-USA | F19: 285 | G19: 241 | H19: 152 | I19: 0.631 | J19: 2335 | K19: 9.7 | L19: 17 | M19: 7 | N19: 13 | O19: 11 | P19: =IFERROR((I19*0.35+K19*7+L19*6+J19/25-M19*10-(N19/F19)*50-(O19/G19)*40)/50,0) -> 3.7882884 | Q19: =100*(P19-MIN($P$2:$P$692))/(MAX($P$2:$P$692) - MIN($P$2:$P$692)) -> 2.1954461 | S19: 3.7882884 | T19: 0.55 | U19: 3.82 | V19: -6.42 | W19: 0.95 | X19: =IFERROR((U19*0.7+T19*0.15+S19*0.15*W24),0) -> 3.2679189 | Y19: =100*(X19-MIN($X$2:$X$692))/(MAX($X$2:$X$692) - MIN($X$2:$X$692)) -> 77.108414 | Z19: =Y19-Q19 -> 74.912967 | AB19: =IFERROR(__xludf.DUMMYFUNCTION("iferror(PERCENTRANK.INC(FILTER($X$2:$X$423, $U$2:$U$423<3.75), $X19), 1)"),0.99) -> 0.99 | AC19: =IFERROR(__xludf.DUMMYFUNCTION("iferror(PERCENTRANK.INC(FILTER($X$2:$X$423, $U$2:$U$423<4.25), $X19), 1)"),0.978) -> 0.978 | AD19: =IFERROR(__xludf.DUMMYFUNCTION("iferror(PERCENTRANK.INC(FILTER($X$2:$X$423, $U$2:$U$423>=4.1), $X19), 0.01)"),0.222) -> 0.222
A20: Grant Jordan | B20: UMASS | C20: 9 | D20: QB | E20: MAC | F20: 130 | G20: 110 | H20: 62 | I20: 0.564 | J20: 580 | K20: 5.3 | L20: 3 | M20: 3 | N20: 12 | O20: 3 | P20: =IFERROR((I20*0.35+K20*7+L20*6+J20/25-M20*10-(N20/F20)*50-(O20/G20)*40)/50,0) -> 0.85582213 | Q20: =100*(P20-MIN($P$2:$P$692))/(MAX($P$2:$P$692) - MIN($P$2:$P$692)) -> 0.80487071 | S20: 0.85582213 | T20: -0.67 | U20: 4.5 | V20: -2.81 | W20: 0.95 | X20: =IFERROR((U20*0.7+T20*0.15+S20*0.15*W25),0) -> 3.1714547 | Y20: =100*(X20-MIN($X$2:$X$692))/(MAX($X$2:$X$692) - MIN($X$2:$X$692)) -> 75.915627 | Z20: =Y20-Q20 -> 75.110756 | AB20: =IFERROR(__xludf.DUMMYFUNCTION("iferror(PERCENTRANK.INC(FILTER($X$2:$X$423, $U$2:$U$423<3.75), $X20), 1)"),0.988) -> 0.988 | AC20: =IFERROR(__xludf.DUMMYFUNCTION("iferror(PERCENTRANK.INC(FILTER($X$2:$X$423, $U$2:$U$423<4.25), $X20), 1)"),0.973) -> 0.973 | AD20: =IFERROR(__xludf.DUMMYFUNCTION("iferror(PERCENTRANK.INC(FILTER($X$2:$X$423, $U$2:$U$423>=4.1), $X20), 0.01)"),0.2) -> 0.2
A21: Carson Camp | B21: SE LA | C21: 18 | D21: QB | E21: Southland | F21: 272 | G21: 233 | H21: 142 | I21: 0.609 | J21: 1780 | K21: 7.6 | L21: 14 | M21: 8 | N21: 16 | O21: 8 | P21: =IFERROR((I21*0.35+K21*7+L21*6+J21/25-M21*10-(N21/F21)*50-(O21/G21)*40)/50,0) -> 2.4859717 | Q21: =100*(P21-MIN($P$2:$P$692))/(MAX($P$2:$P$692) - MIN($P$2:$P$692)) -> 1.5778876 | S21: 2.4859717 | T21: 1.55 | U21: 3.63 | V21: -5.91 | W21: 0.9 | X21: =IFERROR((U21*0.7+T21*0.15+S21*0.15*W26),0) -> 3.127751 | Y21: =100*(X21-MIN($X$2:$X$692))/(MAX($X$2:$X$692) - MIN($X$2:$X$692)) -> 75.375228 | Z21: =Y21-Q21 -> 73.79734 | AB21: =IFERROR(__xludf.DUMMYFUNCTION("iferror(PERCENTRANK.INC(FILTER($X$2:$X$423, $U$2:$U$423<3.75), $X21), 1)"),0.987) -> 0.987 | AC21: =IFERROR(__xludf.DUMMYFUNCTION("iferror(PERCENTRANK.INC(FILTER($X$2:$X$423, $U$2:$U$423<4.25), $X21), 1)"),0.973) -> 0.973 | AD21: =IFERROR(__xludf.DUMMYFUNCTION("iferror(PERCENTRANK.INC(FILTER($X$2:$X$423, $U$2:$U$423>=4.1), $X21), 0.01)"),0.19) -> 0.19
A22: Sonny Mannino | B22: MARIST | C22: 12 | D22: QB | E22: Pioneer | F22: 384 | G22: 289 | H22: 163 | I22: 0.564 | J22: 1818 | K22: 6.3 | L22: 11 | M22: 4 | N22: 30 | O22: 11 | P22: =IFERROR((I22*0.35+K22*7+L22*6+J22/25-M22*10-(N22/F22)*50-(O22/G22)*40)/50,0) -> 2.7517732 | Q22: =100*(P22-MIN($P$2:$P$692))/(MAX($P$2:$P$692) - MIN($P$2:$P$692)) -> 1.7039306 | S22: 2.7517732 | T22: -1 | U22: 4.06 | V22: 3.99 | W22: 0.9 | X22: =IFERROR((U22*0.7+T22*0.15+S22*0.15*W27),0) -> 3.0634894 | Y22: =100*(X22-MIN($X$2:$X$692))/(MAX($X$2:$X$692) - MIN($X$2:$X$692)) -> 74.580629 | Z22: =Y22-Q22 -> 72.876699 | AB22: =IFERROR(__xludf.DUMMYFUNCTION("iferror(PERCENTRANK.INC(FILTER($X$2:$X$423, $U$2:$U$423<3.75), $X22), 1)"),0.987) -> 0.987 | AC22: =IFERROR(__xludf.DUMMYFUNCTION("iferror(PERCENTRANK.INC(FILTER($X$2:$X$423, $U$2:$U$423<4.25), $X22), 1)"),0.97) -> 0.97 | AD22: =IFERROR(__xludf.DUMMYFUNCTION("iferror(PERCENTRANK.INC(FILTER($X$2:$X$423, $U$2:$U$423>=4.1), $X22), 0.01)"),0.174) -> 0.174
A23: AJ Hairston | B23: UMASS | C23: 8 | D23: QB | E23: MAC | F23: 269 | G23: 232 | H23: 111 | I23: 0.478 | J23: 1022 | K23: 4.4 | L23: 4 | M23: 4 | N23: 17 | O23: 6 | P23: =IFERROR((I23*0.35+K23*7+L23*6+J23/25-M23*10-(N23/F23)*50-(O23/G23)*40)/50,0) -> 1.0330593 | Q23: =100*(P23-MIN($P$2:$P$692))/(MAX($P$2:$P$692) - MIN($P$2:$P$692)) -> 0.88891658 | S23: 1.0330593 | T23: -0.74 | U23: 4.24 | V23: 8.95 | W23: 0.95 | X23: =IFERROR((U23*0.7+T23*0.15+S23*0.15*W28),0) -> 3.004211 | Y23: =100*(X23-MIN($X$2:$X$692))/(MAX($X$2:$X$692) - MIN($X$2:$X$692)) -> 73.847648 | Z23: =Y23-Q23 -> 72.958731 | AB23: =IFERROR(__xludf.DUMMYFUNCTION("iferror(PERCENTRANK.INC(FILTER($X$2:$X$423, $U$2:$U$423<3.75), $X23), 1)"),0.987) -> 0.987 | AC23: =IFERROR(__xludf.DUMMYFUNCTION("iferror(PERCENTRANK.INC(FILTER($X$2:$X$423, $U$2:$U$423<4.25), $X23), 1)"),0.968) -> 0.968 | AD23: =IFERROR(__xludf.DUMMYFUNCTION("iferror(PERCENTRANK.INC(FILTER($X$2:$X$423, $U$2:$U$423>=4.1), $X23), 0.01)"),0.16) -> 0.16
A24: Davin Wydner | B24: W GEORGIA | C24: 2 | D24: QB | E24: United Athletic | F24: 341 | G24: 284 | H24: 153 | I24: 0.539 | J24: 1714 | K24: 6 | L24: 15 | M24: 9 | N24: 20 | O24: 13 | P24: =IFERROR((I24*0.35+K24*7+L24*6+J24/25-M24*10-(N24/F24)*50-(O24/G24)*40)/50,0) -> 2.1197023 | Q24: =100*(P24-MIN($P$2:$P$692))/(MAX($P$2:$P$692) - MIN($P$2:$P$692)) -> 1.4042026 | S24: 2.1197023 | T24: -0.81 | U24: 3.8 | V24: -0.63 | W24: 0.9 | X24: =IFERROR((U24*0.7+T24*0.15+S24*0.15*W29),0) -> 2.8564553 | Y24: =100*(X24-MIN($X$2:$X$692))/(MAX($X$2:$X$692) - MIN($X$2:$X$692)) -> 72.02064 | Z24: =Y24-Q24 -> 70.616438 | AB24: =IFERROR(__xludf.DUMMYFUNCTION("iferror(PERCENTRANK.INC(FILTER($X$2:$X$423, $U$2:$U$423<3.75), $X24), 1)"),0.986) -> 0.986 | AC24: =IFERROR(__xludf.DUMMYFUNCTION("iferror(PERCENTRANK.INC(FILTER($X$2:$X$423, $U$2:$U$423<4.25), $X24), 1)"),0.965) -> 0.965 | AD24: =IFERROR(__xludf.DUMMYFUNCTION("iferror(PERCENTRANK.INC(FILTER($X$2:$X$423, $U$2:$U$423>=4.1), $X24), 0.01)"),0.117) -> 0.117
A25: Brandon Tennison | B25: UTSA | C25: 17 | D25: QB | E25: The American | F25: 39 | G25: 33 | H25: 20 | I25: 0.606 | J25: 199 | K25: 6 | L25: 2 | M25: 0 | N25: 2 | O25: 0 | P25: =IFERROR((I25*0.35+K25*7+L25*6+J25/25-M25*10-(N25/F25)*50-(O25/G25)*40)/50,0) -> 1.1921599 | Q25: =100*(P25-MIN($P$2:$P$692))/(MAX($P$2:$P$692) - MIN($P$2:$P$692)) -> 0.9643621 | S25: 1.1921599 | T25: 10 | U25: 3.7 | V25: -4.2 | W25: 0.95 | X25: =IFERROR((U25*0.7+T25*0.15+S25*0.15*W30),0) -> 4.268824 | Y25: =100*(X25-MIN($X$2:$X$692))/(MAX($X$2:$X$692) - MIN($X$2:$X$692)) -> 89.484668 | Z25: =Y25-Q25 -> 88.520306 | AB25: =IFERROR(__xludf.DUMMYFUNCTION("iferror(PERCENTRANK.INC(FILTER($X$2:$X$423, $U$2:$U$423<3.75), $X25), 1)"),0.997) -> 0.997 | AC25: =IFERROR(__xludf.DUMMYFUNCTION("iferror(PERCENTRANK.INC(FILTER($X$2:$X$423, $U$2:$U$423<4.25), $X25), 1)"),0.998) -> 0.998 | AD25: =IFERROR(__xludf.DUMMYFUNCTION("iferror(PERCENTRANK.INC(FILTER($X$2:$X$423, $U$2:$U$423>=4.1), $X25), 0.01)"),0.787) -> 0.787
A26: Brayden Fowler-Nicolosi | B26: COLO STATE | C26: 16 | D26: QB | E26: MWC | F26: 99 | G26: 86 | H26: 45 | I26: 0.523 | J26: 495 | K26: 5.8 | L26: 1 | M26: 2 | N26: 6 | O26: 4 | P26: =IFERROR((I26*0.35+K26*7+L26*6+J26/25-M26*10-(N26/F26)*50-(O26/G26)*40)/50,0) -> 0.83384564 | Q26: =100*(P26-MIN($P$2:$P$692))/(MAX($P$2:$P$692) - MIN($P$2:$P$692)) -> 0.79444946 | S26: 0.83384564 | T26: -2.49 | U26: 3.58 | V26: 5.19 | W26: 0.95 | X26: =IFERROR((U26*0.7+T26*0.15+S26*0.15*W31),0) -> 2.2450692 | Y26: =100*(X26-MIN($X$2:$X$692))/(MAX($X$2:$X$692) - MIN($X$2:$X$692)) -> 64.460812 | Z26: =Y26-Q26 -> 63.666362 | AB26: =IFERROR(__xludf.DUMMYFUNCTION("iferror(PERCENTRANK.INC(FILTER($X$2:$X$423, $U$2:$U$423<3.75), $X26), 1)"),0.982) -> 0.982 | AC26: =IFERROR(__xludf.DUMMYFUNCTION("iferror(PERCENTRANK.INC(FILTER($X$2:$X$423, $U$2:$U$423<4.25), $X26), 1)"),0.953) -> 0.953 | AD26: =IFERROR(__xludf.DUMMYFUNCTION("iferror(PERCENTRANK.INC(FILTER($X$2:$X$423, $U$2:$U$423>=4.1), $X26), 0.01)"),0.075) -> 0.075
A27: Taron Dickens | B27: W CAROLINA | C27: 5 | D27: QB | E27: Southern | F27: 459 | G27: 387 | H27: 276 | I27: 0.713 | J27: 3603 | K27: 9.3 | L27: 38 | M27: 4 | N27: 22 | O27: 8 | P27: =IFERROR((I27*0.35+K27*7+L27*6+J27/25-M27*10-(N27/F27)*50-(O27/G27)*40)/50,0) -> 7.8849232 | Q27: =100*(P27-MIN($P$2:$P$692))/(MAX($P$2:$P$692) - MIN($P$2:$P$692)) -> 4.1380702 | S27: 7.8849232 | T27: 2.69 | W27: 0.9 | X27: =IFERROR((U27*0.7+T27*0.15+S27*0.15*W32),0) -> 1.4679646 | Y27: =100*(X27-MIN($X$2:$X$692))/(MAX($X$2:$X$692) - MIN($X$2:$X$692)) -> 54.851865 | Z27: =Y27-Q27 -> 50.713795 | AB27: =IFERROR(__xludf.DUMMYFUNCTION("iferror(PERCENTRANK.INC(FILTER($X$2:$X$423, $U$2:$U$423<3.75), $X27), 1)"),0.969) -> 0.969 | AC27: =IFERROR(__xludf.DUMMYFUNCTION("iferror(PERCENTRANK.INC(FILTER($X$2:$X$423, $U$2:$U$423<4.25), $X27), 1)"),0.94) -> 0.94 | AD27: =IFERROR(__xludf.DUMMYFUNCTION("iferror(PERCENTRANK.INC(FILTER($X$2:$X$423, $U$2:$U$423>=4.1), $X27), 0.01)"),0.063) -> 0.063
A28: Drew Mestemaker | B28: N TEXAS | C28: 17 | D28: QB | E28: The American | F28: 437 | G28: 407 | H28: 278 | I28: 0.683 | J28: 3873 | K28: 9.5 | L28: 29 | M28: 6 | N28: 15 | O28: 11 | P28: =IFERROR((I28*0.35+K28*7+L28*6+J28/25-M28*10-(N28/F28)*50-(O28/G28)*40)/50,0) -> 6.6572344 | Q28: =100*(P28-MIN($P$2:$P$692))/(MAX($P$2:$P$692) - MIN($P$2:$P$692)) -> 3.5559002 | S28: 6.6572344 | T28: 1.01 | U28: 5.24 | V28: 19.55 | W28: 0.95 | X28: =IFERROR((U28*0.7+T28*0.15+S28*0.15*W33),0) -> 4.8180852 | Y28: =100*(X28-MIN($X$2:$X$692))/(MAX($X$2:$X$692) - MIN($X$2:$X$692)) -> 96.276317 | Z28: =Y28-Q28 -> 92.720417 | AB28: =IFERROR(__xludf.DUMMYFUNCTION("iferror(PERCENTRANK.INC(FILTER($X$2:$X$423, $U$2:$U$423<3.75), $X28), 1)"),1.0) -> 1 | AC28: =IFERROR(__xludf.DUMMYFUNCTION("iferror(PERCENTRANK.INC(FILTER($X$2:$X$423, $U$2:$U$423<4.25), $X28), 1)"),1.0) -> 1 | AD28: =IFERROR(__xludf.DUMMYFUNCTION("iferror(PERCENTRANK.INC(FILTER($X$2:$X$423, $U$2:$U$423>=4.1), $X28), 0.01)"),0.96) -> 0.96
A29: Darian Mensah | B29: DUKE | C29: 10 | D29: QB | E29: ACC | F29: 501 | G29: 456 | H29: 295 | I29: 0.647 | J29: 3475 | K29: 7.6 | L29: 28 | M29: 4 | N29: 26 | O29: 15 | P29: =IFERROR((I29*0.35+K29*7+L29*6+J29/25-M29*10-(N29/F29)*50-(O29/G29)*40)/50,0) -> 6.330317 | Q29: =100*(P29-MIN($P$2:$P$692))/(MAX($P$2:$P$692) - MIN($P$2:$P$692)) -> 3.400876 | S29: 6.330317 | T29: 1.04 | W29: 1 | X29: =IFERROR((U29*0.7+T29*0.15+S29*0.15*W34),0) -> 1.0105928 | Y29: =100*(X29-MIN($X$2:$X$692))/(MAX($X$2:$X$692) - MIN($X$2:$X$692)) -> 49.196433 | Z29: =Y29-Q29 -> 45.795557 | AB29: =IFERROR(__xludf.DUMMYFUNCTION("iferror(PERCENTRANK.INC(FILTER($X$2:$X$423, $U$2:$U$423<3.75), $X29), 1)"),0.938) -> 0.938 | AC29: =IFERROR(__xludf.DUMMYFUNCTION("iferror(PERCENTRANK.INC(FILTER($X$2:$X$423, $U$2:$U$423<4.25), $X29), 1)"),0.91) -> 0.91 | AD29: =IFERROR(__xludf.DUMMYFUNCTION("iferror(PERCENTRANK.INC(FILTER($X$2:$X$423, $U$2:$U$423>=4.1), $X29), 0.01)"),0.056) -> 0.056
A30: Fernando Mendoza | B30: INDIANA | C30: 15 | D30: QB | E30: Big Ten | F30: 358 | G30: 316 | H30: 216 | I30: 0.683 | J30: 2804 | K30: 8.9 | L30: 32 | M30: 5 | N30: 17 | O30: 9 | P30: =IFERROR((I30*0.35+K30*7+L30*6+J30/25-M30*10-(N30/F30)*50-(O30/G30)*40)/50,0) -> 6.2637102 | Q30: =100*(P30-MIN($P$2:$P$692))/(MAX($P$2:$P$692) - MIN($P$2:$P$692)) -> 3.369291 | S30: 6.2637102 | T30: 1.31 | W30: 1 | X30: =IFERROR((U30*0.7+T30*0.15+S30*0.15*W35),0) -> 1.0421009 | Y30: =100*(X30-MIN($X$2:$X$692))/(MAX($X$2:$X$692) - MIN($X$2:$X$692)) -> 49.586033 | Z30: =Y30-Q30 -> 46.216742 | AB30: =IFERROR(__xludf.DUMMYFUNCTION("iferror(PERCENTRANK.INC(FILTER($X$2:$X$423, $U$2:$U$423<3.75), $X30), 1)"),0.943) -> 0.943 | AC30: =IFERROR(__xludf.DUMMYFUNCTION("iferror(PERCENTRANK.INC(FILTER($X$2:$X$423, $U$2:$U$423<4.25), $X30), 1)"),0.915) -> 0.915 | AD30: =IFERROR(__xludf.DUMMYFUNCTION("iferror(PERCENTRANK.INC(FILTER($X$2:$X$423, $U$2:$U$423>=4.1), $X30), 0.01)"),0.056) -> 0.056
A31: Braden Atkinson | B31: MERCER | C31: 11 | D31: QB | E31: Southern | F31: 394 | G31: 389 | H31: 256 | I31: 0.658 | J31: 3494 | K31: 9 | L31: 34 | M31: 8 | N31: 2 | O31: 10 | P31: =IFERROR((I31*0.35+K31*7+L31*6+J31/25-M31*10-(N31/F31)*50-(O31/G31)*40)/50,0) -> 6.5141643 | Q31: =100*(P31-MIN($P$2:$P$692))/(MAX($P$2:$P$692) - MIN($P$2:$P$692)) -> 3.4880564 | S31: 6.5141643 | T31: 1.48 | W31: 0.9 | X31: =IFERROR((U31*0.7+T31*0.15+S31*0.15*W36),0) -> 1.1991246 | Y31: =100*(X31-MIN($X$2:$X$692))/(MAX($X$2:$X$692) - MIN($X$2:$X$692)) -> 51.527642 | Z31: =Y31-Q31 -> 48.039585 | AB31: =IFERROR(__xludf.DUMMYFUNCTION("iferror(PERCENTRANK.INC(FILTER($X$2:$X$423, $U$2:$U$423<3.75), $X31), 1)"),0.951) -> 0.951 | AC31: =IFERROR(__xludf.DUMMYFUNCTION("iferror(PERCENTRANK.INC(FILTER($X$2:$X$423, $U$2:$U$423<4.25), $X31), 1)"),0.923) -> 0.923 | AD31: =IFERROR(__xludf.DUMMYFUNCTION("iferror(PERCENTRANK.INC(FILTER($X$2:$X$423, $U$2:$U$423>=4.1), $X31), 0.01)"),0.059) -> 0.059
A32: Beau Brungard | B32: YNGTOWN ST | C32: 12 | D32: QB | E32: Missouri Valley | F32: 517 | G32: 429 | H32: 287 | I32: 0.669 | J32: 3319 | K32: 7.7 | L32: 26 | M32: 4 | N32: 16 | O32: 10 | P32: =IFERROR((I32*0.35+K32*7+L32*6+J32/25-M32*10-(N32/F32)*50-(O32/G32)*40)/50,0) -> 6.0082872 | Q32: =100*(P32-MIN($P$2:$P$692))/(MAX($P$2:$P$692) - MIN($P$2:$P$692)) -> 3.2481695 | S32: 6.0082872 | T32: 0.85 | W32: 0.9 | X32: =IFERROR((U32*0.7+T32*0.15+S32*0.15*W37),0) -> 0.98368093 | Y32: =100*(X32-MIN($X$2:$X$692))/(MAX($X$2:$X$692) - MIN($X$2:$X$692)) -> 48.863666 | Z32: =Y32-Q32 -> 45.615497 | AB32: =IFERROR(__xludf.DUMMYFUNCTION("iferror(PERCENTRANK.INC(FILTER($X$2:$X$423, $U$2:$U$423<3.75), $X32), 1)"),0.936) -> 0.936 | AC32: =IFERROR(__xludf.DUMMYFUNCTION("iferror(PERCENTRANK.INC(FILTER($X$2:$X$423, $U$2:$U$423<4.25), $X32), 1)"),0.908) -> 0.908 | AD32: =IFERROR(__xludf.DUMMYFUNCTION("iferror(PERCENTRANK.INC(FILTER($X$2:$X$423, $U$2:$U$423>=4.1), $X32), 0.01)"),0.055) -> 0.055
A33: Julian Sayin | B33: OHIO STATE | C33: 10 | D33: QB | E33: Big Ten | F33: 363 | G33: 339 | H33: 261 | I33: 0.77 | J33: 3087 | K33: 9.1 | L33: 30 | M33: 5 | N33: 9 | O33: 5 | P33: =IFERROR((I33*0.35+K33*7+L33*6+J33/25-M33*10-(N33/F33)*50-(O33/G33)*40)/50,0) -> 6.3123972 | Q33: =100*(P33-MIN($P$2:$P$692))/(MAX($P$2:$P$692) - MIN($P$2:$P$692)) -> 3.3923784 | S33: 6.3123972 | T33: 1.01 | W33: 1 | X33: =IFERROR((U33*0.7+T33*0.15+S33*0.15*W38),0) -> 1.0983596 | Y33: =100*(X33-MIN($X$2:$X$692))/(MAX($X$2:$X$692) - MIN($X$2:$X$692)) -> 50.281675 | Z33: =Y33-Q33 -> 46.889297 | AB33: =IFERROR(__xludf.DUMMYFUNCTION("iferror(PERCENTRANK.INC(FILTER($X$2:$X$423, $U$2:$U$423<3.75), $X33), 1)"),0.946) -> 0.946 | AC33: =IFERROR(__xludf.DUMMYFUNCTION("iferror(PERCENTRANK.INC(FILTER($X$2:$X$423, $U$2:$U$423<4.25), $X33), 1)"),0.918) -> 0.918 | AD33: =IFERROR(__xludf.DUMMYFUNCTION("iferror(PERCENTRANK.INC(FILTER($X$2:$X$423, $U$2:$U$423>=4.1), $X33), 0.01)"),0.057) -> 0.057
A34: Eddie Lee Marburger | B34: TXGV | C34: 12 | D34: QB | E34: Southland | F34: 368 | G34: 318 | H34: 203 | I34: 0.638 | J34: 2856 | K34: 9 | L34: 31 | M34: 8 | N34: 22 | O34: 10 | P34: =IFERROR((I34*0.35+K34*7+L34*6+J34/25-M34*10-(N34/F34)*50-(O34/G34)*40)/50,0) -> 5.5843262 | Q34: =100*(P34-MIN($P$2:$P$692))/(MAX($P$2:$P$692) - MIN($P$2:$P$692)) -> 3.0471271 | S34: 5.5843262 | T34: 4.24 | W34: 0.9 | X34: =IFERROR((U34*0.7+T34*0.15+S34*0.15*W39),0) -> 1.389884 | Y34: =100*(X34-MIN($X$2:$X$692))/(MAX($X$2:$X$692) - MIN($X$2:$X$692)) -> 53.886393 | Z34: =Y34-Q34 -> 50.839266 | AB34: =IFERROR(__xludf.DUMMYFUNCTION("iferror(PERCENTRANK.INC(FILTER($X$2:$X$423, $U$2:$U$423<3.75), $X34), 1)"),0.966) -> 0.966 | AC34: =IFERROR(__xludf.DUMMYFUNCTION("iferror(PERCENTRANK.INC(FILTER($X$2:$X$423, $U$2:$U$423<4.25), $X34), 1)"),0.938) -> 0.938 | AD34: =IFERROR(__xludf.DUMMYFUNCTION("iferror(PERCENTRANK.INC(FILTER($X$2:$X$423, $U$2:$U$423>=4.1), $X34), 0.01)"),0.062) -> 0.062
A35: Derek Robertson | B35: MONMOUTH | C35: 12 | D35: QB | E35: CAA | F35: 294 | G35: 279 | H35: 196 | I35: 0.703 | J35: 2585 | K35: 9.3 | L35: 27 | M35: 5 | N35: 9 | O35: 8 | P35: =IFERROR((I35*0.35+K35*7+L35*6+J35/25-M35*10-(N35/F35)*50-(O35/G35)*40)/50,0) -> 5.5613697 | Q35: =100*(P35-MIN($P$2:$P$692))/(MAX($P$2:$P$692) - MIN($P$2:$P$692)) -> 3.0362412 | S35: 5.5613697 | T35: 1.46 | W35: 0.9 | X35: =IFERROR((U35*0.7+T35*0.15+S35*0.15*W40),0) -> 0.96978491 | Y35: =100*(X35-MIN($X$2:$X$692))/(MAX($X$2:$X$692) - MIN($X$2:$X$692)) -> 48.691841 | Z35: =Y35-Q35 -> 45.6556 | AB35: =IFERROR(__xludf.DUMMYFUNCTION("iferror(PERCENTRANK.INC(FILTER($X$2:$X$423, $U$2:$U$423<3.75), $X35), 1)"),0.93) -> 0.93 | AC35: =IFERROR(__xludf.DUMMYFUNCTION("iferror(PERCENTRANK.INC(FILTER($X$2:$X$423, $U$2:$U$423<4.25), $X35), 1)"),0.903) -> 0.903 | AD35: =IFERROR(__xludf.DUMMYFUNCTION("iferror(PERCENTRANK.INC(FILTER($X$2:$X$423, $U$2:$U$423>=4.1), $X35), 0.01)"),0.055) -> 0.055
A36: Ty Simpson | B36: ALABAMA | C36: 15 | D36: QB | E36: SEC | F36: 468 | G36: 413 | H36: 263 | I36: 0.637 | J36: 3129 | K36: 7.6 | L36: 25 | M36: 5 | N36: 23 | O36: 14 | P36: =IFERROR((I36*0.35+K36*7+L36*6+J36/25-M36*10-(N36/F36)*50-(O36/G36)*40)/50,0) -> 5.4953951 | Q36: =100*(P36-MIN($P$2:$P$692))/(MAX($P$2:$P$692) - MIN($P$2:$P$692)) -> 3.004956 | S36: 5.4953951 | T36: 0.95 | W36: 1 | X36: =IFERROR((U36*0.7+T36*0.15+S36*0.15*W41),0) -> 0.96680926 | Y36: =100*(X36-MIN($X$2:$X$692))/(MAX($X$2:$X$692) - MIN($X$2:$X$692)) -> 48.655047 | Z36: =Y36-Q36 -> 45.650091 | AB36: =IFERROR(__xludf.DUMMYFUNCTION("iferror(PERCENTRANK.INC(FILTER($X$2:$X$423, $U$2:$U$423<3.75), $X36), 1)"),0.925) -> 0.925 | AC36: =IFERROR(__xludf.DUMMYFUNCTION("iferror(PERCENTRANK.INC(FILTER($X$2:$X$423, $U$2:$U$423<4.25), $X36), 1)"),0.898) -> 0.898 | AD36: =IFERROR(__xludf.DUMMYFUNCTION("iferror(PERCENTRANK.INC(FILTER($X$2:$X$423, $U$2:$U$423>=4.1), $X36), 0.01)"),0.055) -> 0.055
A37: Byrum Brown | B37: USF | C37: 17 | D37: QB | E37: The American | F37: 431 | G37: 366 | H37: 230 | I37: 0.628 | J37: 3169 | K37: 8.7 | L37: 28 | M37: 9 | N37: 15 | O37: 11 | P37: =IFERROR((I37*0.35+K37*7+L37*6+J37/25-M37*10-(N37/F37)*50-(O37/G37)*40)/50,0) -> 5.2587495 | Q37: =100*(P37-MIN($P$2:$P$692))/(MAX($P$2:$P$692) - MIN($P$2:$P$692)) -> 2.8927387 | S37: 5.2587495 | T37: 1 | W37: 0.95 | X37: =IFERROR((U37*0.7+T37*0.15+S37*0.15*W42),0) -> 0.85993118 | Y37: =100*(X37-MIN($X$2:$X$692))/(MAX($X$2:$X$692) - MIN($X$2:$X$692)) -> 47.333493 | Z37: =Y37-Q37 -> 44.440754 | AB37: =IFERROR(__xludf.DUMMYFUNCTION("iferror(PERCENTRANK.INC(FILTER($X$2:$X$423, $U$2:$U$423<3.75), $X37), 1)"),0.866) -> 0.866 | AC37: =IFERROR(__xludf.DUMMYFUNCTION("iferror(PERCENTRANK.INC(FILTER($X$2:$X$423, $U$2:$U$423<4.25), $X37), 1)"),0.84) -> 0.84 | AD37: =IFERROR(__xludf.DUMMYFUNCTION("iferror(PERCENTRANK.INC(FILTER($X$2:$X$423, $U$2:$U$423>=4.1), $X37), 0.01)"),0.053) -> 0.053
A38: Sawyer Robertson | B38: BAYLOR | C38: 13 | D38: QB | E38: Big 12 | F38: 590 | G38: 548 | H38: 310 | I38: 0.566 | J38: 3724 | K38: 6.8 | L38: 31 | M38: 12 | N38: 21 | O38: 21 | P38: =IFERROR((I38*0.35+K38*7+L38*6+J38/25-M38*10-(N38/F38)*50-(O38/G38)*40)/50,0) -> 5.1889118 | Q38: =100*(P38-MIN($P$2:$P$692))/(MAX($P$2:$P$692) - MIN($P$2:$P$692)) -> 2.8596217 | S38: 5.1889118 | T38: 1.39 | W38: 1 | X38: =IFERROR((U38*0.7+T38*0.15+S38*0.15*W43),0) -> 0.9090031 | Y38: =100*(X38-MIN($X$2:$X$692))/(MAX($X$2:$X$692) - MIN($X$2:$X$692)) -> 47.94027 | Z38: =Y38-Q38 -> 45.080649 | AB38: =IFERROR(__xludf.DUMMYFUNCTION("iferror(PERCENTRANK.INC(FILTER($X$2:$X$423, $U$2:$U$423<3.75), $X38), 1)"),0.902) -> 0.902 | AC38: =IFERROR(__xludf.DUMMYFUNCTION("iferror(PERCENTRANK.INC(FILTER($X$2:$X$423, $U$2:$U$423<4.25), $X38), 1)"),0.875) -> 0.875 | AD38: =IFERROR(__xludf.DUMMYFUNCTION("iferror(PERCENTRANK.INC(FILTER($X$2:$X$423, $U$2:$U$423>=4.1), $X38), 0.01)"),0.054) -> 0.054
A39: Ty Pennington | B39: N ARIZONA | C39: 6 | D39: QB | E39: Big Sky | F39: 438 | G39: 396 | H39: 257 | I39: 0.649 | J39: 3239 | K39: 8.2 | L39: 19 | M39: 4 | N39: 22 | O39: 7 | P39: =IFERROR((I39*0.35+K39*7+L39*6+J39/25-M39*10-(N39/F39)*50-(O39/G39)*40)/50,0) -> 5.1593733 | Q39: =100*(P39-MIN($P$2:$P$692))/(MAX($P$2:$P$692) - MIN($P$2:$P$692)) -> 2.8456145 | S39: 5.1593733 | T39: 3.1 | W39: 0.9 | X39: =IFERROR((U39*0.7+T39*0.15+S39*0.15*W44),0) -> 1.1615154 | Y39: =100*(X39-MIN($X$2:$X$692))/(MAX($X$2:$X$692) - MIN($X$2:$X$692)) -> 51.062601 | Z39: =Y39-Q39 -> 48.216986 | AB39: =IFERROR(__xludf.DUMMYFUNCTION("iferror(PERCENTRANK.INC(FILTER($X$2:$X$423, $U$2:$U$423<3.75), $X39), 1)"),0.948) -> 0.948 | AC39: =IFERROR(__xludf.DUMMYFUNCTION("iferror(PERCENTRANK.INC(FILTER($X$2:$X$423, $U$2:$U$423<4.25), $X39), 1)"),0.92) -> 0.92 | AD39: =IFERROR(__xludf.DUMMYFUNCTION("iferror(PERCENTRANK.INC(FILTER($X$2:$X$423, $U$2:$U$423>=4.1), $X39), 0.01)"),0.058) -> 0.058
A40: Victor Gabalis | B40: TARLETON | C40: 11 | D40: QB | E40: United Athletic | F40: 321 | G40: 287 | H40: 168 | I40: 0.585 | J40: 2596 | K40: 9.1 | L40: 25 | M40: 5 | N40: 19 | O40: 7 | P40: =IFERROR((I40*0.35+K40*7+L40*6+J40/25-M40*10-(N40/F40)*50-(O40/G40)*40)/50,0) -> 5.2761928 | Q40: =100*(P40-MIN($P$2:$P$692))/(MAX($P$2:$P$692) - MIN($P$2:$P$692)) -> 2.9010103 | S40: 5.2761928 | T40: 0.68 | W40: 0.9 | X40: =IFERROR((U40*0.7+T40*0.15+S40*0.15*W45),0) -> 0.81428602 | Y40: =100*(X40-MIN($X$2:$X$692))/(MAX($X$2:$X$692) - MIN($X$2:$X$692)) -> 46.769088 | Z40: =Y40-Q40 -> 43.868077 | AB40: =IFERROR(__xludf.DUMMYFUNCTION("iferror(PERCENTRANK.INC(FILTER($X$2:$X$423, $U$2:$U$423<3.75), $X40), 1)"),0.835) -> 0.835 | AC40: =IFERROR(__xludf.DUMMYFUNCTION("iferror(PERCENTRANK.INC(FILTER($X$2:$X$423, $U$2:$U$423<4.25), $X40), 1)"),0.81) -> 0.81 | AD40: =IFERROR(__xludf.DUMMYFUNCTION("iferror(PERCENTRANK.INC(FILTER($X$2:$X$423, $U$2:$U$423>=4.1), $X40), 0.01)"),0.053) -> 0.053
A41: Jayden Maiava | B41: USC | C41: 14 | D41: QB | E41: Big Ten | F41: 427 | G41: 406 | H41: 252 | I41: 0.621 | J41: 3556 | K41: 8.8 | L41: 23 | M41: 9 | N41: 12 | O41: 18 | P41: =IFERROR((I41*0.35+K41*7+L41*6+J41/25-M41*10-(N41/F41)*50-(O41/G41)*40)/50,0) -> 4.977576 | Q41: =100*(P41-MIN($P$2:$P$692))/(MAX($P$2:$P$692) - MIN($P$2:$P$692)) -> 2.7594062 | S41: 4.977576 | T41: 1.06 | W41: 1 | X41: =IFERROR((U41*0.7+T41*0.15+S41*0.15*W46),0) -> 0.83097276 | Y41: =100*(X41-MIN($X$2:$X$692))/(MAX($X$2:$X$692) - MIN($X$2:$X$692)) -> 46.97542 | Z41: =Y41-Q41 -> 44.216014 | AB41: =IFERROR(__xludf.DUMMYFUNCTION("iferror(PERCENTRANK.INC(FILTER($X$2:$X$423, $U$2:$U$423<3.75), $X41), 1)"),0.848) -> 0.848 | AC41: =IFERROR(__xludf.DUMMYFUNCTION("iferror(PERCENTRANK.INC(FILTER($X$2:$X$423, $U$2:$U$423<4.25), $X41), 1)"),0.823) -> 0.823 | AD41: =IFERROR(__xludf.DUMMYFUNCTION("iferror(PERCENTRANK.INC(FILTER($X$2:$X$423, $U$2:$U$423>=4.1), $X41), 0.01)"),0.053) -> 0.053
A42: Tommy Rittenhouse | B42: ILL STATE | C42: 16 | D42: QB | E42: Missouri Valley | F42: 427 | G42: 387 | H42: 241 | I42: 0.623 | J42: 2547 | K42: 6.6 | L42: 28 | M42: 6 | N42: 16 | O42: 9 | P42: =IFERROR((I42*0.35+K42*7+L42*6+J42/25-M42*10-(N42/F42)*50-(O42/G42)*40)/50,0) -> 5.0698856 | Q42: =100*(P42-MIN($P$2:$P$692))/(MAX($P$2:$P$692) - MIN($P$2:$P$692)) -> 2.8031795 | S42: 5.0698856 | T42: 1.34 | W42: 0.9 | X42: =IFERROR((U42*0.7+T42*0.15+S42*0.15*W47),0) -> 0.96148284 | Y42: =100*(X42-MIN($X$2:$X$692))/(MAX($X$2:$X$692) - MIN($X$2:$X$692)) -> 48.589186 | Z42: =Y42-Q42 -> 45.786006 | AB42: =IFERROR(__xludf.DUMMYFUNCTION("iferror(PERCENTRANK.INC(FILTER($X$2:$X$423, $U$2:$U$423<3.75), $X42), 1)"),0.92) -> 0.92 | AC42: =IFERROR(__xludf.DUMMYFUNCTION("iferror(PERCENTRANK.INC(FILTER($X$2:$X$423, $U$2:$U$423<4.25), $X42), 1)"),0.893) -> 0.893 | AD42: =IFERROR(__xludf.DUMMYFUNCTION("iferror(PERCENTRANK.INC(FILTER($X$2:$X$423, $U$2:$U$423>=4.1), $X42), 0.01)"),0.055) -> 0.055
A43: Pat McQuaide | B43: VILLANOVA | C43: 7 | D43: QB | E43: CAA | F43: 352 | G43: 332 | H43: 190 | I43: 0.572 | J43: 2574 | K43: 7.8 | L43: 22 | M43: 4 | N43: 14 | O43: 10 | P43: =IFERROR((I43*0.35+K43*7+L43*6+J43/25-M43*10-(N43/F43)*50-(O43/G43)*40)/50,0) -> 4.9313349 | Q43: =100*(P43-MIN($P$2:$P$692))/(MAX($P$2:$P$692) - MIN($P$2:$P$692)) -> 2.7374787 | S43: 4.9313349 | T43: 1.38 | W43: 0.9 | X43: =IFERROR((U43*0.7+T43*0.15+S43*0.15*W48),0) -> 0.87273021 | Y43: =100*(X43-MIN($X$2:$X$692))/(MAX($X$2:$X$692) - MIN($X$2:$X$692)) -> 47.491754 | Z43: =Y43-Q43 -> 44.754275 | AB43: =IFERROR(__xludf.DUMMYFUNCTION("iferror(PERCENTRANK.INC(FILTER($X$2:$X$423, $U$2:$U$423<3.75), $X43), 1)"),0.876) -> 0.876 | AC43: =IFERROR(__xludf.DUMMYFUNCTION("iferror(PERCENTRANK.INC(FILTER($X$2:$X$423, $U$2:$U$423<4.25), $X43), 1)"),0.85) -> 0.85 | AD43: =IFERROR(__xludf.DUMMYFUNCTION("iferror(PERCENTRANK.INC(FILTER($X$2:$X$423, $U$2:$U$423>=4.1), $X43), 0.01)"),0.054) -> 0.054
A44: Chris Parson | B44: AUSTINPEAY | C44: 3 | D44: QB | E44: United Athletic | F44: 420 | G44: 340 | H44: 210 | I44: 0.618 | J44: 3064 | K44: 9 | L44: 23 | M44: 6 | N44: 27 | O44: 14 | P44: =IFERROR((I44*0.35+K44*7+L44*6+J44/25-M44*10-(N44/F44)*50-(O44/G44)*40)/50,0) -> 5.1782991 | Q44: =100*(P44-MIN($P$2:$P$692))/(MAX($P$2:$P$692) - MIN($P$2:$P$692)) -> 2.8545891 | S44: 5.1782991 | T44: 1.08 | W44: 0.9 | X44: =IFERROR((U44*0.7+T44*0.15+S44*0.15*W49),0) -> 0.86107038 | Y44: =100*(X44-MIN($X$2:$X$692))/(MAX($X$2:$X$692) - MIN($X$2:$X$692)) -> 47.347579 | Z44: =Y44-Q44 -> 44.49299 | AB44: =IFERROR(__xludf.DUMMYFUNCTION("iferror(PERCENTRANK.INC(FILTER($X$2:$X$423, $U$2:$U$423<3.75), $X44), 1)"),0.869) -> 0.869 | AC44: =IFERROR(__xludf.DUMMYFUNCTION("iferror(PERCENTRANK.INC(FILTER($X$2:$X$423, $U$2:$U$423<4.25), $X44), 1)"),0.843) -> 0.843 | AD44: =IFERROR(__xludf.DUMMYFUNCTION("iferror(PERCENTRANK.INC(FILTER($X$2:$X$423, $U$2:$U$423>=4.1), $X44), 0.01)"),0.053) -> 0.053
A45: Kekoa Visperas | B45: TENN TECH | C45: 0 | D45: QB | E45: Big South - OVC Football Association | F45: 461 | G45: 386 | H45: 244 | I45: 0.632 | J45: 2824 | K45: 7.3 | L45: 26 | M45: 7 | N45: 26 | O45: 18 | P45: =IFERROR((I45*0.35+K45*7+L45*6+J45/25-M45*10-(N45/F45)*50-(O45/G45)*40)/50,0) -> 4.9119192 | Q45: =100*(P45-MIN($P$2:$P$692))/(MAX($P$2:$P$692) - MIN($P$2:$P$692)) -> 2.7282718 | S45: 4.9119192 | T45: 0.89 | W45: 0.9 | X45: =IFERROR((U45*0.7+T45*0.15+S45*0.15*W50),0) -> 0.87028788 | Y45: =100*(X45-MIN($X$2:$X$692))/(MAX($X$2:$X$692) - MIN($X$2:$X$692)) -> 47.461554 | Z45: =Y45-Q45 -> 44.733282 | AB45: =IFERROR(__xludf.DUMMYFUNCTION("iferror(PERCENTRANK.INC(FILTER($X$2:$X$423, $U$2:$U$423<3.75), $X45), 1)"),0.874) -> 0.874 | AC45: =IFERROR(__xludf.DUMMYFUNCTION("iferror(PERCENTRANK.INC(FILTER($X$2:$X$423, $U$2:$U$423<4.25), $X45), 1)"),0.848) -> 0.848 | AD45: =IFERROR(__xludf.DUMMYFUNCTION("iferror(PERCENTRANK.INC(FILTER($X$2:$X$423, $U$2:$U$423>=4.1), $X45), 0.01)"),0.054) -> 0.054
A46: Andrew Body | B46: ALABAMA ST | C46: 1 | D46: QB | E46: SWAC | F46: 214 | G46: 172 | H46: 117 | I46: 0.68 | J46: 1793 | K46: 10.4 | L46: 20 | M46: 1 | N46: 11 | O46: 5 | P46: =IFERROR((I46*0.35+K46*7+L46*6+J46/25-M46*10-(N46/F46)*50-(O46/G46)*40)/50,0) -> 5.0205023 | Q46: =100*(P46-MIN($P$2:$P$692))/(MAX($P$2:$P$692) - MIN($P$2:$P$692)) -> 2.7797619 | S46: 5.0205023 | T46: 1.05 | W46: 0.9 | X46: =IFERROR((U46*0.7+T46*0.15+S46*0.15*W51),0) -> 0.91057535 | Y46: =100*(X46-MIN($X$2:$X$692))/(MAX($X$2:$X$692) - MIN($X$2:$X$692)) -> 47.959711 | Z46: =Y46-Q46 -> 45.179949 | AB46: =IFERROR(__xludf.DUMMYFUNCTION("iferror(PERCENTRANK.INC(FILTER($X$2:$X$423, $U$2:$U$423<3.75), $X46), 1)"),0.907) -> 0.907 | AC46: =IFERROR(__xludf.DUMMYFUNCTION("iferror(PERCENTRANK.INC(FILTER($X$2:$X$423, $U$2:$U$423<4.25), $X46), 1)"),0.88) -> 0.88 | AD46: =IFERROR(__xludf.DUMMYFUNCTION("iferror(PERCENTRANK.INC(FILTER($X$2:$X$423, $U$2:$U$423>=4.1), $X46), 0.01)"),0.054) -> 0.054
A47: Noah Fifita | B47: ARIZONA | C47: 1 | D47: QB | E47: Big 12 | F47: 475 | G47: 414 | H47: 250 | I47: 0.604 | J47: 2976 | K47: 7.2 | L47: 26 | M47: 8 | N47: 25 | O47: 9 | P47: =IFERROR((I47*0.35+K47*7+L47*6+J47/25-M47*10-(N47/F47)*50-(O47/G47)*40)/50,0) -> 4.8430051 | Q47: =100*(P47-MIN($P$2:$P$692))/(MAX($P$2:$P$692) - MIN($P$2:$P$692)) -> 2.6955927 | S47: 4.8430051 | T47: 6.77 | W47: 1 | X47: =IFERROR((U47*0.7+T47*0.15+S47*0.15*W52),0) -> 1.6693057 | Y47: =100*(X47-MIN($X$2:$X$692))/(MAX($X$2:$X$692) - MIN($X$2:$X$692)) -> 57.34146 | Z47: =Y47-Q47 -> 54.645867 | AB47: =IFERROR(__xludf.DUMMYFUNCTION("iferror(PERCENTRANK.INC(FILTER($X$2:$X$423, $U$2:$U$423<3.75), $X47), 1)"),0.974) -> 0.974 | AC47: =IFERROR(__xludf.DUMMYFUNCTION("iferror(PERCENTRANK.INC(FILTER($X$2:$X$423, $U$2:$U$423<4.25), $X47), 1)"),0.945) -> 0.945 | AD47: =IFERROR(__xludf.DUMMYFUNCTION("iferror(PERCENTRANK.INC(FILTER($X$2:$X$423, $U$2:$U$423>=4.1), $X47), 0.01)"),0.066) -> 0.066
A48: Keali'i Ah Yat | B48: MONTANA | C48: 8 | D48: QB | E48: Big Sky | F48: 419 | G48: 376 | H48: 253 | I48: 0.673 | J48: 3186 | K48: 8.5 | L48: 25 | M48: 8 | N48: 20 | O48: 10 | P48: =IFERROR((I48*0.35+K48*7+L48*6+J48/25-M48*10-(N48/F48)*50-(O48/G48)*40)/50,0) -> 5.0745017 | Q48: =100*(P48-MIN($P$2:$P$692))/(MAX($P$2:$P$692) - MIN($P$2:$P$692)) -> 2.8053684 | S48: 5.0745017 | T48: 0.91 | W48: 0.9 | X48: =IFERROR((U48*0.7+T48*0.15+S48*0.15*W53),0) -> 0.85961649 | Y48: =100*(X48-MIN($X$2:$X$692))/(MAX($X$2:$X$692) - MIN($X$2:$X$692)) -> 47.329602 | Z48: =Y48-Q48 -> 44.524233 | AB48: =IFERROR(__xludf.DUMMYFUNCTION("iferror(PERCENTRANK.INC(FILTER($X$2:$X$423, $U$2:$U$423<3.75), $X48), 1)"),0.861) -> 0.861 | AC48: =IFERROR(__xludf.DUMMYFUNCTION("iferror(PERCENTRANK.INC(FILTER($X$2:$X$423, $U$2:$U$423<4.25), $X48), 1)"),0.835) -> 0.835 | AD48: =IFERROR(__xludf.DUMMYFUNCTION("iferror(PERCENTRANK.INC(FILTER($X$2:$X$423, $U$2:$U$423>=4.1), $X48), 0.01)"),0.053) -> 0.053
A49: Brady Olson | B49: CENT CT ST | C49: 12 | D49: QB | E49: Northeast | F49: 522 | G49: 484 | H49: 275 | I49: 0.568 | J49: 3169 | K49: 6.5 | L49: 25 | M49: 8 | N49: 16 | O49: 15 | P49: =IFERROR((I49*0.35+K49*7+L49*6+J49/25-M49*10-(N49/F49)*50-(O49/G49)*40)/50,0) -> 4.7937313 | Q49: =100*(P49-MIN($P$2:$P$692))/(MAX($P$2:$P$692) - MIN($P$2:$P$692)) -> 2.6722271 | S49: 4.7937313 | T49: 1.37 | W49: 0.9 | X49: =IFERROR((U49*0.7+T49*0.15+S49*0.15*W54),0) -> 0.92455969 | Y49: =100*(X49-MIN($X$2:$X$692))/(MAX($X$2:$X$692) - MIN($X$2:$X$692)) -> 48.132629 | Z49: =Y49-Q49 -> 45.460401 | AB49: =IFERROR(__xludf.DUMMYFUNCTION("iferror(PERCENTRANK.INC(FILTER($X$2:$X$423, $U$2:$U$423<3.75), $X49), 1)"),0.912) -> 0.912 | AC49: =IFERROR(__xludf.DUMMYFUNCTION("iferror(PERCENTRANK.INC(FILTER($X$2:$X$423, $U$2:$U$423<4.25), $X49), 1)"),0.885) -> 0.885 | AD49: =IFERROR(__xludf.DUMMYFUNCTION("iferror(PERCENTRANK.INC(FILTER($X$2:$X$423, $U$2:$U$423>=4.1), $X49), 0.01)"),0.054) -> 0.054
A50: Arch Manning | B50: TEXAS | C50: 16 | D50: QB | E50: SEC | F50: 443 | G50: 393 | H50: 235 | I50: 0.598 | J50: 3020 | K50: 7.7 | L50: 24 | M50: 7 | N50: 23 | O50: 14 | P50: =IFERROR((I50*0.35+K50*7+L50*6+J50/25-M50*10-(N50/F50)*50-(O50/G50)*40)/50,0) -> 4.8977685 | Q50: =100*(P50-MIN($P$2:$P$692))/(MAX($P$2:$P$692) - MIN($P$2:$P$692)) -> 2.7215616 | S50: 4.8977685 | T50: -1.47 | W50: 1 | X50: =IFERROR((U50*0.7+T50*0.15+S50*0.15*W55),0) -> 0.51416528 | Y50: =100*(X50-MIN($X$2:$X$692))/(MAX($X$2:$X$692) - MIN($X$2:$X$692)) -> 43.058076 | Z50: =Y50-Q50 -> 40.336514 | AB50: =IFERROR(__xludf.DUMMYFUNCTION("iferror(PERCENTRANK.INC(FILTER($X$2:$X$423, $U$2:$U$423<3.75), $X50), 1)"),0.662) -> 0.662 | AC50: =IFERROR(__xludf.DUMMYFUNCTION("iferror(PERCENTRANK.INC(FILTER($X$2:$X$423, $U$2:$U$423<4.25), $X50), 1)"),0.643) -> 0.643 | AD50: =IFERROR(__xludf.DUMMYFUNCTION("iferror(PERCENTRANK.INC(FILTER($X$2:$X$423, $U$2:$U$423>=4.1), $X50), 0.01)"),0.048) -> 0.048
A51: Behren Morton | B51: TEXAS TECH | C51: 2 | D51: QB | E51: Big 12 | F51: 305 | G51: 280 | H51: 186 | I51: 0.664 | J51: 2486 | K51: 8.9 | L51: 20 | M51: 4 | N51: 16 | O51: 10 | P51: =IFERROR((I51*0.35+K51*7+L51*6+J51/25-M51*10-(N51/F51)*50-(O51/G51)*40)/50,0) -> 4.7584176 | Q51: =100*(P51-MIN($P$2:$P$692))/(MAX($P$2:$P$692) - MIN($P$2:$P$692)) -> 2.6554813 | S51: 4.7584176 | T51: 1.78 | W51: 1 | X51: =IFERROR((U51*0.7+T51*0.15+S51*0.15*W56),0) -> 0.90938637 | Y51: =100*(X51-MIN($X$2:$X$692))/(MAX($X$2:$X$692) - MIN($X$2:$X$692)) -> 47.945009 | Z51: =Y51-Q51 -> 45.289528 | AB51: =IFERROR(__xludf.DUMMYFUNCTION("iferror(PERCENTRANK.INC(FILTER($X$2:$X$423, $U$2:$U$423<3.75), $X51), 1)"),0.905) -> 0.905 | AC51: =IFERROR(__xludf.DUMMYFUNCTION("iferror(PERCENTRANK.INC(FILTER($X$2:$X$423, $U$2:$U$423<4.25), $X51), 1)"),0.878) -> 0.878 | AD51: =IFERROR(__xludf.DUMMYFUNCTION("iferror(PERCENTRANK.INC(FILTER($X$2:$X$423, $U$2:$U$423>=4.1), $X51), 0.01)"),0.054) -> 0.054
A52: Cole Payton | B52: N DAK ST | C52: 9 | D52: QB | E52: Missouri Valley | F52: 289 | G52: 219 | H52: 159 | I52: 0.726 | J52: 2639 | K52: 12.1 | L52: 15 | M52: 4 | N52: 16 | O52: 4 | P52: =IFERROR((I52*0.35+K52*7+L52*6+J52/25-M52*10-(N52/F52)*50-(O52/G52)*40)/50,0) -> 4.7403068 | Q52: =100*(P52-MIN($P$2:$P$692))/(MAX($P$2:$P$692) - MIN($P$2:$P$692)) -> 2.6468932 | S52: 4.7403068 | T52: 1.14 | W52: 0.9 | X52: =IFERROR((U52*0.7+T52*0.15+S52*0.15*W57),0) -> 0.88204602 | Y52: =100*(X52-MIN($X$2:$X$692))/(MAX($X$2:$X$692) - MIN($X$2:$X$692)) -> 47.606944 | Z52: =Y52-Q52 -> 44.960051 | AB52: =IFERROR(__xludf.DUMMYFUNCTION("iferror(PERCENTRANK.INC(FILTER($X$2:$X$423, $U$2:$U$423<3.75), $X52), 1)"),0.884) -> 0.884 | AC52: =IFERROR(__xludf.DUMMYFUNCTION("iferror(PERCENTRANK.INC(FILTER($X$2:$X$423, $U$2:$U$423<4.25), $X52), 1)"),0.858) -> 0.858 | AD52: =IFERROR(__xludf.DUMMYFUNCTION("iferror(PERCENTRANK.INC(FILTER($X$2:$X$423, $U$2:$U$423>=4.1), $X52), 0.01)"),0.054) -> 0.054
A53: Owen McCown | B53: UTSA | C53: 2 | D53: QB | E53: The American | F53: 445 | G53: 410 | H53: 270 | I53: 0.658 | J53: 2801 | K53: 6.8 | L53: 27 | M53: 7 | N53: 18 | O53: 15 | P53: =IFERROR((I53*0.35+K53*7+L53*6+J53/25-M53*10-(N53/F53)*50-(O53/G53)*40)/50,0) -> 4.9676883 | Q53: =100*(P53-MIN($P$2:$P$692))/(MAX($P$2:$P$692) - MIN($P$2:$P$692)) -> 2.7547175 | S53: 4.9676883 | T53: -7.25 | W53: 0.95 | X53: =IFERROR((U53*0.7+T53*0.15+S53*0.15*W58),0) -> -0.41686208 | Y53: =100*(X53-MIN($X$2:$X$692))/(MAX($X$2:$X$692) - MIN($X$2:$X$692)) -> 31.545864 | Z53: =Y53-Q53 -> 28.791146 | AB53: =IFERROR(__xludf.DUMMYFUNCTION("iferror(PERCENTRANK.INC(FILTER($X$2:$X$423, $U$2:$U$423<3.75), $X53), 1)"),0.064) -> 0.064 | AC53: =IFERROR(__xludf.DUMMYFUNCTION("iferror(PERCENTRANK.INC(FILTER($X$2:$X$423, $U$2:$U$423<4.25), $X53), 1)"),0.063) -> 0.063 | AD53: =IFERROR(__xludf.DUMMYFUNCTION("iferror(PERCENTRANK.INC(FILTER($X$2:$X$423, $U$2:$U$423>=4.1), $X53), 0.01)"),0.01) -> 0.01
A54: CJ Carr | B54: NOTRE DAME | C54: 13 | D54: QB | E54: IND (FBS) | F54: 340 | G54: 293 | H54: 195 | I54: 0.666 | J54: 2741 | K54: 9.4 | L54: 24 | M54: 7 | N54: 8 | O54: 11 | P54: =IFERROR((I54*0.35+K54*7+L54*6+J54/25-M54*10-(N54/F54)*50-(O54/G54)*40)/50,0) -> 4.9398985 | Q54: =100*(P54-MIN($P$2:$P$692))/(MAX($P$2:$P$692) - MIN($P$2:$P$692)) -> 2.7415396 | S54: 4.9398985 | T54: 0.87 | W54: 1 | X54: =IFERROR((U54*0.7+T54*0.15+S54*0.15*W59),0) -> 0.79738629 | Y54: =100*(X54-MIN($X$2:$X$692))/(MAX($X$2:$X$692) - MIN($X$2:$X$692)) -> 46.560121 | Z54: =Y54-P54 -> 41.620223 | AB54: =IFERROR(__xludf.DUMMYFUNCTION("iferror(PERCENTRANK.INC(FILTER($X$2:$X$423, $U$2:$U$423<3.75), $X54), 1)"),0.827) -> 0.827 | AC54: =IFERROR(__xludf.DUMMYFUNCTION("iferror(PERCENTRANK.INC(FILTER($X$2:$X$423, $U$2:$U$423<4.25), $X54), 1)"),0.803) -> 0.803 | AD54: =IFERROR(__xludf.DUMMYFUNCTION("iferror(PERCENTRANK.INC(FILTER($X$2:$X$423, $U$2:$U$423>=4.1), $X54), 0.01)"),0.052) -> 0.052
A55: Josh Hoover | B55: TCU | C55: 10 | D55: QB | E55: Big 12 | F55: 480 | G55: 436 | H55: 278 | I55: 0.638 | J55: 3549 | K55: 8.1 | L55: 28 | M55: 13 | N55: 19 | O55: 22 | P55: =IFERROR((I55*0.35+K55*7+L55*6+J55/25-M55*10-(N55/F55)*50-(O55/G55)*40)/50,0) -> 4.6577157 | Q55: =100*(P55-MIN($P$2:$P$692))/(MAX($P$2:$P$692) - MIN($P$2:$P$692)) -> 2.6077285 | S55: 4.6577157 | T55: 1.41 | U55: 4.99 | V55: 4.02 | W55: 1 | X55: =IFERROR((#REF!*0.7+T55*0.15+S55*0.15*W60),0) -> 0 | Y55: =100*(X55-MIN($X$2:$X$692))/(MAX($X$2:$X$692) - MIN($X$2:$X$692)) -> 36.70039 | Z55: =Y55-Q55 -> 34.092661 | AB55: =IFERROR(__xludf.DUMMYFUNCTION("iferror(PERCENTRANK.INC(FILTER($X$2:$X$423, $U$2:$U$423<3.75), $X55), 1)"),0.26) -> 0.26 | AC55: =IFERROR(__xludf.DUMMYFUNCTION("iferror(PERCENTRANK.INC(FILTER($X$2:$X$423, $U$2:$U$423<4.25), $X55), 1)"),0.253) -> 0.253 | AD55: =IFERROR(__xludf.DUMMYFUNCTION("iferror(PERCENTRANK.INC(FILTER($X$2:$X$423, $U$2:$U$423>=4.1), $X55), 0.01)"),0.0) -> 0
A56: Devin Farrell | B56: RHODE ISLD | C56: 7 | D56: QB | E56: CAA | F56: 455 | G56: 387 | H56: 250 | I56: 0.646 | J56: 3559 | K56: 9.2 | L56: 22 | M56: 9 | N56: 33 | O56: 13 | P56: =IFERROR((I56*0.35+K56*7+L56*6+J56/25-M56*10-(N56/F56)*50-(O56/G56)*40)/50,0) -> 4.8803211 | Q56: =100*(P56-MIN($P$2:$P$692))/(MAX($P$2:$P$692) - MIN($P$2:$P$692)) -> 2.713288 | S56: 4.8803211 | T56: 1.21 | W56: 0.9 | X56: =IFERROR((U55*0.7+T56*0.15+S56*0.15*W61),0) -> 4.4065482 | Y56: =100*(X56-MIN($X$2:$X$692))/(MAX($X$2:$X$692) - MIN($X$2:$X$692)) -> 91.187636 | Z56: =Y56-Q56 -> 88.474348 | AB56: =IFERROR(__xludf.DUMMYFUNCTION("iferror(PERCENTRANK.INC(FILTER($X$2:$X$423, $U$2:$U$423<3.75), $X56), 1)"),1.0) -> 1 | AC56: =IFERROR(__xludf.DUMMYFUNCTION("iferror(PERCENTRANK.INC(FILTER($X$2:$X$423, $U$2:$U$423<4.25), $X56), 1)"),1.0) -> 1 | AD56: =IFERROR(__xludf.DUMMYFUNCTION("iferror(PERCENTRANK.INC(FILTER($X$2:$X$423, $U$2:$U$423>=4.1), $X56), 0.01)"),0.826) -> 0.826
A57: Dante Moore | B57: OREGON | C57: 5 | D57: QB | E57: Big Ten | F57: 362 | G57: 329 | H57: 234 | I57: 0.711 | J57: 2780 | K57: 8.4 | L57: 24 | M57: 7 | N57: 13 | O57: 8 | P57: =IFERROR((I57*0.35+K57*7+L57*6+J57/25-M57*10-(N57/F57)*50-(O57/G57)*40)/50,0) -> 4.8296125 | Q57: =100*(P57-MIN($P$2:$P$692))/(MAX($P$2:$P$692) - MIN($P$2:$P$692)) -> 2.689242 | S57: 4.8296125 | T57: 1.25 | W57: 1 | X57: =IFERROR((U57*0.7+T57*0.15+S57*0.15*W62),0) -> 0.87571978 | Y57: =100*(X57-MIN($X$2:$X$692))/(MAX($X$2:$X$692) - MIN($X$2:$X$692)) -> 47.52872 | Z57: =Y57-Q57 -> 44.839478 | AB57: =IFERROR(__xludf.DUMMYFUNCTION("iferror(PERCENTRANK.INC(FILTER($X$2:$X$423, $U$2:$U$423<3.75), $X57), 1)"),0.879) -> 0.879 | AC57: =IFERROR(__xludf.DUMMYFUNCTION("iferror(PERCENTRANK.INC(FILTER($X$2:$X$423, $U$2:$U$423<4.25), $X57), 1)"),0.853) -> 0.853 | AD57: =IFERROR(__xludf.DUMMYFUNCTION("iferror(PERCENTRANK.INC(FILTER($X$2:$X$423, $U$2:$U$423>=4.1), $X57), 0.01)"),0.054) -> 0.054
A58: Justin Lamson | B58: MONTANA ST | C58: 8 | D58: QB | E58: Big Sky | F58: 358 | G58: 277 | H58: 196 | I58: 0.708 | J58: 2363 | K58: 8.5 | L58: 20 | M58: 3 | N58: 25 | O58: 3 | P58: =IFERROR((I58*0.35+K58*7+L58*6+J58/25-M58*10-(N58/F58)*50-(O58/G58)*40)/50,0) -> 4.8068593 | Q58: =100*(P58-MIN($P$2:$P$692))/(MAX($P$2:$P$692) - MIN($P$2:$P$692)) -> 2.6784524 | S58: 4.8068593 | T58: 1.33 | W58: 0.9 | X58: =IFERROR((U58*0.7+T58*0.15+S58*0.15*W63),0) -> 0.88447746 | Y58: =100*(X58-MIN($X$2:$X$692))/(MAX($X$2:$X$692) - MIN($X$2:$X$692)) -> 47.637009 | Z58: =Y58-Q58 -> 44.958557 | AB58: =IFERROR(__xludf.DUMMYFUNCTION("iferror(PERCENTRANK.INC(FILTER($X$2:$X$423, $U$2:$U$423<3.75), $X58), 1)"),0.887) -> 0.887 | AC58: =IFERROR(__xludf.DUMMYFUNCTION("iferror(PERCENTRANK.INC(FILTER($X$2:$X$423, $U$2:$U$423<4.25), $X58), 1)"),0.86) -> 0.86 | AD58: =IFERROR(__xludf.DUMMYFUNCTION("iferror(PERCENTRANK.INC(FILTER($X$2:$X$423, $U$2:$U$423>=4.1), $X58), 0.01)"),0.054) -> 0.054
A59: DJ Williams | B59: S ILLINOIS | C59: 1 | D59: QB | E59: Missouri Valley | F59: 416 | G59: 379 | H59: 227 | I59: 0.599 | J59: 2886 | K59: 7.6 | L59: 22 | M59: 6 | N59: 13 | O59: 12 | P59: =IFERROR((I59*0.35+K59*7+L59*6+J59/25-M59*10-(N59/F59)*50-(O59/G59)*40)/50,0) -> 4.7604132 | Q59: =100*(P59-MIN($P$2:$P$692))/(MAX($P$2:$P$692) - MIN($P$2:$P$692)) -> 2.6564276 | S59: 4.7604132 | T59: 1.11 | W59: 0.9 | X59: =IFERROR((U59*0.7+T59*0.15+S59*0.15*W64),0) -> 0.88056198 | Y59: =100*(X59-MIN($X$2:$X$692))/(MAX($X$2:$X$692) - MIN($X$2:$X$692)) -> 47.588594 | Z59: =Y59-Q59 -> 44.932166 | AB59: =IFERROR(__xludf.DUMMYFUNCTION("iferror(PERCENTRANK.INC(FILTER($X$2:$X$423, $U$2:$U$423<3.75), $X59), 1)"),0.881) -> 0.881 | AC59: =IFERROR(__xludf.DUMMYFUNCTION("iferror(PERCENTRANK.INC(FILTER($X$2:$X$423, $U$2:$U$423<4.25), $X59), 1)"),0.855) -> 0.855 | AD59: =IFERROR(__xludf.DUMMYFUNCTION("iferror(PERCENTRANK.INC(FILTER($X$2:$X$423, $U$2:$U$423>=4.1), $X59), 0.01)"),0.054) -> 0.054
A60: Nick Minicucci | B60: DELAWARE | C60: 4 | D60: QB | E60: C-USA | F60: 570 | G60: 520 | H60: 314 | I60: 0.604 | J60: 3680 | K60: 7.1 | L60: 22 | M60: 9 | N60: 26 | O60: 18 | P60: =IFERROR((I60*0.35+K60*7+L60*6+J60/25-M60*10-(N60/F60)*50-(O60/G60)*40)/50,0) -> 4.7089217 | Q60: =100*(P60-MIN($P$2:$P$692))/(MAX($P$2:$P$692) - MIN($P$2:$P$692)) -> 2.6320104 | S60: 4.7089217 | T60: 1.26 | W60: 0.95 | X60: =IFERROR((U60*0.7+T60*0.15+S60*0.15*W65),0) -> 0.82470442 | Y60: =100*(X60-MIN($X$2:$X$692))/(MAX($X$2:$X$692) - MIN($X$2:$X$692)) -> 46.897912 | Z60: =Y60-Q60 -> 44.265902 | AB60: =IFERROR(__xludf.DUMMYFUNCTION("iferror(PERCENTRANK.INC(FILTER($X$2:$X$423, $U$2:$U$423<3.75), $X60), 1)"),0.84) -> 0.84 | AC60: =IFERROR(__xludf.DUMMYFUNCTION("iferror(PERCENTRANK.INC(FILTER($X$2:$X$423, $U$2:$U$423<4.25), $X60), 1)"),0.815) -> 0.815 | AD60: =IFERROR(__xludf.DUMMYFUNCTION("iferror(PERCENTRANK.INC(FILTER($X$2:$X$423, $U$2:$U$423>=4.1), $X60), 0.01)"),0.053) -> 0.053
A61: Joey Aguilar | B61: TENNESSEE | C61: 6 | D61: QB | E61: SEC | F61: 457 | G61: 419 | H61: 266 | I61: 0.635 | J61: 3585 | K61: 8.6 | L61: 24 | M61: 11 | N61: 17 | O61: 8 | P61: =IFERROR((I61*0.35+K61*7+L61*6+J61/25-M61*10-(N61/F61)*50-(O61/G61)*40)/50,0) -> 4.7039714 | Q61: =100*(P61-MIN($P$2:$P$692))/(MAX($P$2:$P$692) - MIN($P$2:$P$692)) -> 2.629663 | S61: 4.7039714 | T61: 1.08 | W61: 1 | X61: =IFERROR((U61*0.7+T61*0.15+S61*0.15*W66),0) -> 0.83231593 | Y61: =100*(X61-MIN($X$2:$X$692))/(MAX($X$2:$X$692) - MIN($X$2:$X$692)) -> 46.992029 | Z61: =Y61-Q61 -> 44.362366 | AB61: =IFERROR(__xludf.DUMMYFUNCTION("iferror(PERCENTRANK.INC(FILTER($X$2:$X$423, $U$2:$U$423<3.75), $X61), 1)"),0.851) -> 0.851 | AC61: =IFERROR(__xludf.DUMMYFUNCTION("iferror(PERCENTRANK.INC(FILTER($X$2:$X$423, $U$2:$U$423<4.25), $X61), 1)"),0.825) -> 0.825 | AD61: =IFERROR(__xludf.DUMMYFUNCTION("iferror(PERCENTRANK.INC(FILTER($X$2:$X$423, $U$2:$U$423>=4.1), $X61), 0.01)"),0.053) -> 0.053
A62: Anthony Colandrea | B62: UNLV | C62: 10 | D62: QB | E62: MWC | F62: 433 | G62: 374 | H62: 244 | I62: 0.652 | J62: 3148 | K62: 8.4 | L62: 22 | M62: 8 | N62: 23 | O62: 11 | P62: =IFERROR((I62*0.35+K62*7+L62*6+J62/25-M62*10-(N62/F62)*50-(O62/G62)*40)/50,0) -> 4.6623168 | Q62: =100*(P62-MIN($P$2:$P$692))/(MAX($P$2:$P$692) - MIN($P$2:$P$692)) -> 2.6099103 | S62: 4.6623168 | T62: 0.91 | W62: 0.95 | X62: =IFERROR((U62*0.7+T62*0.15+S62*0.15*W67),0) -> 0.83584752 | Y62: =100*(X62-MIN($X$2:$X$692))/(MAX($X$2:$X$692) - MIN($X$2:$X$692)) -> 47.035697 | Z62: =Y62-Q62 -> 44.425787 | AB62: =IFERROR(__xludf.DUMMYFUNCTION("iferror(PERCENTRANK.INC(FILTER($X$2:$X$423, $U$2:$U$423<3.75), $X62), 1)"),0.853) -> 0.853 | AC62: =IFERROR(__xludf.DUMMYFUNCTION("iferror(PERCENTRANK.INC(FILTER($X$2:$X$423, $U$2:$U$423<4.25), $X62), 1)"),0.828) -> 0.828 | AD62: =IFERROR(__xludf.DUMMYFUNCTION("iferror(PERCENTRANK.INC(FILTER($X$2:$X$423, $U$2:$U$423>=4.1), $X62), 0.01)"),0.053) -> 0.053
A63: Braylon Braxton | B63: SO MISS | C63: 1 | D63: QB | E63: Sun Belt | F63: 437 | G63: 383 | H63: 236 | I63: 0.616 | J63: 2893 | K63: 7.5 | L63: 23 | M63: 7 | N63: 19 | O63: 11 | P63: =IFERROR((I63*0.35+K63*7+L63*6+J63/25-M63*10-(N63/F63)*50-(O63/G63)*40)/50,0) -> 4.6622572 | Q63: =100*(P63-MIN($P$2:$P$692))/(MAX($P$2:$P$692) - MIN($P$2:$P$692)) -> 2.6098821 | S63: 4.6622572 | T63: 1.82 | W63: 0.95 | X63: =IFERROR((U63*0.7+T63*0.15+S63*0.15*W68),0) -> 0.90240473 | Y63: =100*(X63-MIN($X$2:$X$692))/(MAX($X$2:$X$692) - MIN($X$2:$X$692)) -> 47.858681 | Z63: =Y63-Q63 -> 45.248799 | AB63: =IFERROR(__xludf.DUMMYFUNCTION("iferror(PERCENTRANK.INC(FILTER($X$2:$X$423, $U$2:$U$423<3.75), $X63), 1)"),0.897) -> 0.897 | AC63: =IFERROR(__xludf.DUMMYFUNCTION("iferror(PERCENTRANK.INC(FILTER($X$2:$X$423, $U$2:$U$423<4.25), $X63), 1)"),0.87) -> 0.87 | AD63: =IFERROR(__xludf.DUMMYFUNCTION("iferror(PERCENTRANK.INC(FILTER($X$2:$X$423, $U$2:$U$423>=4.1), $X63), 0.01)"),0.054) -> 0.054
A64: Demond Williams Jr. | B64: WASHINGTON | C64: 2 | D64: QB | E64: Big Ten | F64: 426 | G64: 340 | H64: 235 | I64: 0.691 | J64: 2883 | K64: 8.5 | L64: 21 | M64: 8 | N64: 26 | O64: 10 | P64: =IFERROR((I64*0.35+K64*7+L64*6+J64/25-M64*10-(N64/F64)*50-(O64/G64)*40)/50,0) -> 4.3366747 | Q64: =100*(P64-MIN($P$2:$P$692))/(MAX($P$2:$P$692) - MIN($P$2:$P$692)) -> 2.4554909 | S64: 4.3366747 | T64: 0.96 | W64: 1 | X64: =IFERROR((U64*0.7+T64*0.15+S64*0.15*W69),0) -> 0.79450121 | Y64: =100*(X64-MIN($X$2:$X$692))/(MAX($X$2:$X$692) - MIN($X$2:$X$692)) -> 46.524447 | Z64: =Y64-Q64 -> 44.068956 | AB64: =IFERROR(__xludf.DUMMYFUNCTION("iferror(PERCENTRANK.INC(FILTER($X$2:$X$423, $U$2:$U$423<3.75), $X64), 1)"),0.82) -> 0.82 | AC64: =IFERROR(__xludf.DUMMYFUNCTION("iferror(PERCENTRANK.INC(FILTER($X$2:$X$423, $U$2:$U$423<4.25), $X64), 1)"),0.795) -> 0.795 | AD64: =IFERROR(__xludf.DUMMYFUNCTION("iferror(PERCENTRANK.INC(FILTER($X$2:$X$423, $U$2:$U$423>=4.1), $X64), 0.01)"),0.052) -> 0.052
A65: Walker Harris | B65: NC CENT | C65: 3 | D65: QB | E65: MEAC | F65: 441 | G65: 394 | H65: 237 | I65: 0.602 | J65: 3233 | K65: 8.2 | L65: 24 | M65: 10 | N65: 21 | O65: 14 | P65: =IFERROR((I65*0.35+K65*7+L65*6+J65/25-M65*10-(N65/F65)*50-(O65/G65)*40)/50,0) -> 4.5425686 | Q65: =100*(P65-MIN($P$2:$P$692))/(MAX($P$2:$P$692) - MIN($P$2:$P$692)) -> 2.5531257 | S65: 4.5425686 | T65: 1.2 | W65: 0.9 | X65: =IFERROR((U65*0.7+T65*0.15+S65*0.15*W70),0) -> 0.86138528 | Y65: =100*(X65-MIN($X$2:$X$692))/(MAX($X$2:$X$692) - MIN($X$2:$X$692)) -> 47.351473 | Z65: =Y65-Q65 -> 44.798347 | AB65: =IFERROR(__xludf.DUMMYFUNCTION("iferror(PERCENTRANK.INC(FILTER($X$2:$X$423, $U$2:$U$423<3.75), $X65), 1)"),0.871) -> 0.871 | AC65: =IFERROR(__xludf.DUMMYFUNCTION("iferror(PERCENTRANK.INC(FILTER($X$2:$X$423, $U$2:$U$423<4.25), $X65), 1)"),0.845) -> 0.845 | AD65: =IFERROR(__xludf.DUMMYFUNCTION("iferror(PERCENTRANK.INC(FILTER($X$2:$X$423, $U$2:$U$423>=4.1), $X65), 0.01)"),0.053) -> 0.053
A66: Katin Houser | B66: E CAROLINA | C66: 4 | D66: QB | E66: The American | F66: 473 | G66: 433 | H66: 273 | I66: 0.63 | J66: 3338 | K66: 7.7 | L66: 19 | M66: 8 | N66: 17 | O66: 12 | P66: =IFERROR((I66*0.35+K66*7+L66*6+J66/25-M66*10-(N66/F66)*50-(O66/G66)*40)/50,0) -> 4.3746983 | Q66: =100*(P66-MIN($P$2:$P$692))/(MAX($P$2:$P$692) - MIN($P$2:$P$692)) -> 2.4735217 | S66: 4.3746983 | T66: 0.92 | W66: 0.95 | X66: =IFERROR((U66*0.7+T66*0.15+S66*0.15*W71),0) -> 0.72858427 | Y66: =100*(X66-MIN($X$2:$X$692))/(MAX($X$2:$X$692) - MIN($X$2:$X$692)) -> 45.70938 | Z66: =Y66-Q66 -> 43.235858 | AB66: =IFERROR(__xludf.DUMMYFUNCTION("iferror(PERCENTRANK.INC(FILTER($X$2:$X$423, $U$2:$U$423<3.75), $X66), 1)"),0.796) -> 0.796 | AC66: =IFERROR(__xludf.DUMMYFUNCTION("iferror(PERCENTRANK.INC(FILTER($X$2:$X$423, $U$2:$U$423<4.25), $X66), 1)"),0.773) -> 0.773 | AD66: =IFERROR(__xludf.DUMMYFUNCTION("iferror(PERCENTRANK.INC(FILTER($X$2:$X$423, $U$2:$U$423>=4.1), $X66), 0.01)"),0.051) -> 0.051
A67: Marcel Reed | B67: TEXAS A&M | C67: 10 | D67: QB | E67: SEC | F67: 415 | G67: 358 | H67: 214 | I67: 0.598 | J67: 2969 | K67: 8.3 | L67: 25 | M67: 10 | N67: 9 | O67: 18 | P67: =IFERROR((I67*0.35+K67*7+L67*6+J67/25-M67*10-(N67/F67)*50-(O67/G67)*40)/50,0) -> 4.4794758 | Q67: =100*(P67-MIN($P$2:$P$692))/(MAX($P$2:$P$692) - MIN($P$2:$P$692)) -> 2.5232071 | S67: 4.4794758 | T67: 1.1 | W67: 1 | X67: =IFERROR((U67*0.7+T67*0.15+S67*0.15*W72),0) -> 0.83692137 | Y67: =100*(X67-MIN($X$2:$X$692))/(MAX($X$2:$X$692) - MIN($X$2:$X$692)) -> 47.048975 | Z67: =Y67-Q67 -> 44.525768 | AB67: =IFERROR(__xludf.DUMMYFUNCTION("iferror(PERCENTRANK.INC(FILTER($X$2:$X$423, $U$2:$U$423<3.75), $X67), 1)"),0.856) -> 0.856 | AC67: =IFERROR(__xludf.DUMMYFUNCTION("iferror(PERCENTRANK.INC(FILTER($X$2:$X$423, $U$2:$U$423<4.25), $X67), 1)"),0.83) -> 0.83 | AD67: =IFERROR(__xludf.DUMMYFUNCTION("iferror(PERCENTRANK.INC(FILTER($X$2:$X$423, $U$2:$U$423>=4.1), $X67), 0.01)"),0.053) -> 0.053
A68: Caden Pinnick | B68: UC DAVIS | C68: 12 | D68: QB | E68: Big Sky | F68: 408 | G68: 316 | H68: 212 | I68: 0.671 | J68: 2698 | K68: 8.5 | L68: 24 | M68: 9 | N68: 36 | O68: 17 | P68: =IFERROR((I68*0.35+K68*7+L68*6+J68/25-M68*10-(N68/F68)*50-(O68/G68)*40)/50,0) -> 4.3018237 | Q68: =100*(P68-MIN($P$2:$P$692))/(MAX($P$2:$P$692) - MIN($P$2:$P$692)) -> 2.4389645 | S68: 4.3018237 | T68: 1.86 | W68: 0.9 | X68: =IFERROR((U68*0.7+T68*0.15+S68*0.15*W73),0) -> 0.8597462 | Y68: =100*(X68-MIN($X$2:$X$692))/(MAX($X$2:$X$692) - MIN($X$2:$X$692)) -> 47.331206 | Z68: =Y68-Q68 -> 44.892241 | AB68: =IFERROR(__xludf.DUMMYFUNCTION("iferror(PERCENTRANK.INC(FILTER($X$2:$X$423, $U$2:$U$423<3.75), $X68), 1)"),0.863) -> 0.863 | AC68: =IFERROR(__xludf.DUMMYFUNCTION("iferror(PERCENTRANK.INC(FILTER($X$2:$X$423, $U$2:$U$423<4.25), $X68), 1)"),0.838) -> 0.838 | AD68: =IFERROR(__xludf.DUMMYFUNCTION("iferror(PERCENTRANK.INC(FILTER($X$2:$X$423, $U$2:$U$423>=4.1), $X68), 0.01)"),0.053) -> 0.053
A69: Jalon Daniels | B69: KANSAS | C69: 6 | D69: QB | E69: Big 12 | F69: 385 | G69: 333 | H69: 201 | I69: 0.604 | J69: 2569 | K69: 7.7 | L69: 22 | M69: 7 | N69: 19 | O69: 14 | P69: =IFERROR((I69*0.35+K69*7+L69*6+J69/25-M69*10-(N69/F69)*50-(O69/G69)*40)/50,0) -> 4.2944437 | Q69: =100*(P69-MIN($P$2:$P$692))/(MAX($P$2:$P$692) - MIN($P$2:$P$692)) -> 2.4354649 | S69: 4.2944437 | T69: 1.96 | W69: 1 | X69: =IFERROR((U69*0.7+T69*0.15+S69*0.15*W74),0) -> 0.90595823 | Y69: =100*(X69-MIN($X$2:$X$692))/(MAX($X$2:$X$692) - MIN($X$2:$X$692)) -> 47.90262 | Z69: =Y69-Q69 -> 45.467155 | AB69: =IFERROR(__xludf.DUMMYFUNCTION("iferror(PERCENTRANK.INC(FILTER($X$2:$X$423, $U$2:$U$423<3.75), $X69), 1)"),0.899) -> 0.899 | AC69: =IFERROR(__xludf.DUMMYFUNCTION("iferror(PERCENTRANK.INC(FILTER($X$2:$X$423, $U$2:$U$423<4.25), $X69), 1)"),0.873) -> 0.873 | AD69: =IFERROR(__xludf.DUMMYFUNCTION("iferror(PERCENTRANK.INC(FILTER($X$2:$X$423, $U$2:$U$423>=4.1), $X69), 0.01)"),0.054) -> 0.054
A70: CJ Bailey | B70: NC STATE | C70: 11 | D70: QB | E70: ACC | F70: 449 | G70: 396 | H70: 263 | I70: 0.664 | J70: 2922 | K70: 7.4 | L70: 23 | M70: 9 | N70: 19 | O70: 13 | P70: =IFERROR((I70*0.35+K70*7+L70*6+J70/25-M70*10-(N70/F70)*50-(O70/G70)*40)/50,0) -> 4.2696691 | Q70: =100*(P70-MIN($P$2:$P$692))/(MAX($P$2:$P$692) - MIN($P$2:$P$692)) -> 2.4237168 | S70: 4.2696691 | T70: 1.28 | W70: 1 | X70: =IFERROR((U70*0.7+T70*0.15+S70*0.15*W75),0) -> 0.76840533 | Y70: =100*(X70-MIN($X$2:$X$692))/(MAX($X$2:$X$692) - MIN($X$2:$X$692)) -> 46.20177 | Z70: =Y70-Q70 -> 43.778053 | AB70: =IFERROR(__xludf.DUMMYFUNCTION("iferror(PERCENTRANK.INC(FILTER($X$2:$X$423, $U$2:$U$423<3.75), $X70), 1)"),0.809) -> 0.809 | AC70: =IFERROR(__xludf.DUMMYFUNCTION("iferror(PERCENTRANK.INC(FILTER($X$2:$X$423, $U$2:$U$423<4.25), $X70), 1)"),0.785) -> 0.785 | AD70: =IFERROR(__xludf.DUMMYFUNCTION("iferror(PERCENTRANK.INC(FILTER($X$2:$X$423, $U$2:$U$423>=4.1), $X70), 0.01)"),0.052) -> 0.052
A71: Bryce Schondelmyer | B71: DAYTON | C71: 7 | D71: QB | E71: Pioneer | F71: 176 | G71: 158 | H71: 105 | I71: 0.665 | J71: 1395 | K71: 8.8 | L71: 16 | M71: 0 | N71: 8 | O71: 2 | P71: =IFERROR((I71*0.35+K71*7+L71*6+J71/25-M71*10-(N71/F71)*50-(O71/G71)*40)/50,0) -> 4.2170739 | Q71: =100*(P71-MIN($P$2:$P$692))/(MAX($P$2:$P$692) - MIN($P$2:$P$692)) -> 2.3987762 | S71: 4.2170739 | T71: 1.05 | W71: 0.9 | X71: =IFERROR((U71*0.7+T71*0.15+S71*0.15*W76),0) -> 0.72680497 | Y71: =100*(X71-MIN($X$2:$X$692))/(MAX($X$2:$X$692) - MIN($X$2:$X$692)) -> 45.687379 | Z71: =Y71-Q71 -> 43.288603 | AB71: =IFERROR(__xludf.DUMMYFUNCTION("iferror(PERCENTRANK.INC(FILTER($X$2:$X$423, $U$2:$U$423<3.75), $X71), 1)"),0.791) -> 0.791 | AC71: =IFERROR(__xludf.DUMMYFUNCTION("iferror(PERCENTRANK.INC(FILTER($X$2:$X$423, $U$2:$U$423<4.25), $X71), 1)"),0.768) -> 0.768 | AD71: =IFERROR(__xludf.DUMMYFUNCTION("iferror(PERCENTRANK.INC(FILTER($X$2:$X$423, $U$2:$U$423>=4.1), $X71), 0.01)"),0.051) -> 0.051
A72: Gunner Stockton | B72: GEORGIA | C72: 14 | D72: QB | E72: SEC | F72: 418 | G72: 357 | H72: 237 | I72: 0.664 | J72: 2581 | K72: 7.2 | L72: 20 | M72: 6 | N72: 17 | O72: 10 | P72: =IFERROR((I72*0.35+K72*7+L72*6+J72/25-M72*10-(N72/F72)*50-(O72/G72)*40)/50,0) -> 4.2143692 | Q72: =100*(P72-MIN($P$2:$P$692))/(MAX($P$2:$P$692) - MIN($P$2:$P$692)) -> 2.3974936 | S72: 4.2143692 | T72: 1.09 | W72: 1 | X72: =IFERROR((U72*0.7+T72*0.15+S72*0.15*W77),0) -> 0.76404761 | Y72: =100*(X72-MIN($X$2:$X$692))/(MAX($X$2:$X$692) - MIN($X$2:$X$692)) -> 46.147887 | Z72: =Y72-Q72 -> 43.750393 | AB72: =IFERROR(__xludf.DUMMYFUNCTION("iferror(PERCENTRANK.INC(FILTER($X$2:$X$423, $U$2:$U$423<3.75), $X72), 1)"),0.807) -> 0.807 | AC72: =IFERROR(__xludf.DUMMYFUNCTION("iferror(PERCENTRANK.INC(FILTER($X$2:$X$423, $U$2:$U$423<4.25), $X72), 1)"),0.783) -> 0.783 | AD72: =IFERROR(__xludf.DUMMYFUNCTION("iferror(PERCENTRANK.INC(FILTER($X$2:$X$423, $U$2:$U$423>=4.1), $X72), 0.01)"),0.052) -> 0.052
A73: William Atkins IV | B73: SCAR STATE | C73: 1 | D73: QB | E73: MEAC | F73: 314 | G73: 271 | H73: 167 | I73: 0.616 | J73: 2383 | K73: 8.8 | L73: 17 | M73: 4 | N73: 23 | O73: 5 | P73: =IFERROR((I73*0.35+K73*7+L73*6+J73/25-M73*10-(N73/F73)*50-(O73/G73)*40)/50,0) -> 4.2947034 | Q73: =100*(P73-MIN($P$2:$P$692))/(MAX($P$2:$P$692) - MIN($P$2:$P$692)) -> 2.4355881 | S73: 4.2947034 | T73: -0.25 | W73: 0.9 | X73: =IFERROR((U73*0.7+T73*0.15+S73*0.15*W78),0) -> 0.60670552 | Y73: =100*(X73-MIN($X$2:$X$692))/(MAX($X$2:$X$692) - MIN($X$2:$X$692)) -> 44.202342 | Z73: =Y73-Q73 -> 41.766754 | AB73: =IFERROR(__xludf.DUMMYFUNCTION("iferror(PERCENTRANK.INC(FILTER($X$2:$X$423, $U$2:$U$423<3.75), $X73), 1)"),0.729) -> 0.729 | AC73: =IFERROR(__xludf.DUMMYFUNCTION("iferror(PERCENTRANK.INC(FILTER($X$2:$X$423, $U$2:$U$423<4.25), $X73), 1)"),0.708) -> 0.708 | AD73: =IFERROR(__xludf.DUMMYFUNCTION("iferror(PERCENTRANK.INC(FILTER($X$2:$X$423, $U$2:$U$423>=4.1), $X73), 0.01)"),0.049) -> 0.049
A74: Dru DeShields | B74: KENT STATE | C74: 12 | D74: QB | E74: MAC | F74: 300 | G74: 257 | H74: 140 | I74: 0.545 | J74: 2062 | K74: 8 | L74: 18 | M74: 3 | N74: 17 | O74: 9 | P74: =IFERROR((I74*0.35+K74*7+L74*6+J74/25-M74*10-(N74/F74)*50-(O74/G74)*40)/50,0) -> 4.2487328 | Q74: =100*(P74-MIN($P$2:$P$692))/(MAX($P$2:$P$692) - MIN($P$2:$P$692)) -> 2.4137888 | S74: 4.2487328 | T74: 4.69 | W74: 0.95 | X74: =IFERROR((U74*0.7+T74*0.15+S74*0.15*W79),0) -> 1.2770789 | Y74: =100*(X74-MIN($X$2:$X$692))/(MAX($X$2:$X$692) - MIN($X$2:$X$692)) -> 52.491551 | Z74: =Y74-Q74 -> 50.077762 | AB74: =IFERROR(__xludf.DUMMYFUNCTION("iferror(PERCENTRANK.INC(FILTER($X$2:$X$423, $U$2:$U$423<3.75), $X74), 1)"),0.954) -> 0.954 | AC74: =IFERROR(__xludf.DUMMYFUNCTION("iferror(PERCENTRANK.INC(FILTER($X$2:$X$423, $U$2:$U$423<4.25), $X74), 1)"),0.925) -> 0.925 | AD74: =IFERROR(__xludf.DUMMYFUNCTION("iferror(PERCENTRANK.INC(FILTER($X$2:$X$423, $U$2:$U$423>=4.1), $X74), 0.01)"),0.06) -> 0.06
A75: Tyler Hughes | B75: WM & MARY | C75: 6 | D75: QB | E75: CAA | F75: 424 | G75: 338 | H75: 209 | I75: 0.618 | J75: 2385 | K75: 7.1 | L75: 20 | M75: 6 | N75: 25 | O75: 6 | P75: =IFERROR((I75*0.35+K75*7+L75*6+J75/25-M75*10-(N75/F75)*50-(O75/G75)*40)/50,0) -> 4.0331626 | Q75: =100*(P75-MIN($P$2:$P$692))/(MAX($P$2:$P$692) - MIN($P$2:$P$692)) -> 2.3115654 | S75: 4.0331626 | T75: 1.01 | U75: 4.37 | V75: 3.04 | W75: 0.9 | X75: =IFERROR((U75*0.7+T75*0.15+S75*0.15*#REF!),0) -> 0 | Y75: =100*(X75-MIN($X$2:$X$692))/(MAX($X$2:$X$692) - MIN($X$2:$X$692)) -> 36.70039 | Z75: =Y75-Q75 -> 34.388824 | AB75: =IFERROR(__xludf.DUMMYFUNCTION("iferror(PERCENTRANK.INC(FILTER($X$2:$X$423, $U$2:$U$423<3.75), $X75), 1)"),0.26) -> 0.26 | AC75: =IFERROR(__xludf.DUMMYFUNCTION("iferror(PERCENTRANK.INC(FILTER($X$2:$X$423, $U$2:$U$423<4.25), $X75), 1)"),0.253) -> 0.253 | AD75: =IFERROR(__xludf.DUMMYFUNCTION("iferror(PERCENTRANK.INC(FILTER($X$2:$X$423, $U$2:$U$423>=4.1), $X75), 0.01)"),0.0) -> 0
A76: Aidan Bouman | B76: S DAKOTA | C76: 2 | D76: QB | E76: Missouri Valley | F76: 354 | G76: 332 | H76: 195 | I76: 0.587 | J76: 2471 | K76: 7.4 | L76: 22 | M76: 7 | N76: 16 | O76: 10 | P76: =IFERROR((I76*0.35+K76*7+L76*6+J76/25-M76*10-(N76/F76)*50-(O76/G76)*40)/50,0) -> 4.1876149 | Q76: =100*(P76-MIN($P$2:$P$692))/(MAX($P$2:$P$692) - MIN($P$2:$P$692)) -> 2.3848067 | S76: 4.1876149 | T76: 1.31 | W76: 0.9 | X76: =IFERROR((U76*0.7+T76*0.15+S76*0.15*W80),0) -> 0.76182801 | Y76: =100*(X76-MIN($X$2:$X$692))/(MAX($X$2:$X$692) - MIN($X$2:$X$692)) -> 46.120441 | Z76: =Y76-Q76 -> 43.735634 | AB76: =IFERROR(__xludf.DUMMYFUNCTION("iferror(PERCENTRANK.INC(FILTER($X$2:$X$423, $U$2:$U$423<3.75), $X76), 1)"),0.804) -> 0.804 | AC76: =IFERROR(__xludf.DUMMYFUNCTION("iferror(PERCENTRANK.INC(FILTER($X$2:$X$423, $U$2:$U$423<4.25), $X76), 1)"),0.78) -> 0.78 | AD76: =IFERROR(__xludf.DUMMYFUNCTION("iferror(PERCENTRANK.INC(FILTER($X$2:$X$423, $U$2:$U$423>=4.1), $X76), 0.01)"),0.052) -> 0.052
A77: Brad Jackson | B77: TEXAS ST | C77: 8 | D77: QB | E77: Sun Belt | F77: 433 | G77: 350 | H77: 238 | I77: 0.68 | J77: 3048 | K77: 8.7 | L77: 18 | M77: 8 | N77: 23 | O77: 12 | P77: =IFERROR((I77*0.35+K77*7+L77*6+J77/25-M77*10-(N77/F77)*50-(O77/G77)*40)/50,0) -> 4.1406136 | Q77: =100*(P77-MIN($P$2:$P$692))/(MAX($P$2:$P$692) - MIN($P$2:$P$692)) -> 2.3625187 | S77: 4.1406136 | T77: 1.04 | W77: 0.95 | X77: =IFERROR((U77*0.7+T77*0.15+S77*0.15*W81),0) -> 0.71498284 | Y77: =100*(X77-MIN($X$2:$X$692))/(MAX($X$2:$X$692) - MIN($X$2:$X$692)) -> 45.541198 | Z77: =Y77-Q77 -> 43.178679 | AB77: =IFERROR(__xludf.DUMMYFUNCTION("iferror(PERCENTRANK.INC(FILTER($X$2:$X$423, $U$2:$U$423<3.75), $X77), 1)"),0.784) -> 0.784 | AC77: =IFERROR(__xludf.DUMMYFUNCTION("iferror(PERCENTRANK.INC(FILTER($X$2:$X$423, $U$2:$U$423<4.25), $X77), 1)"),0.76) -> 0.76 | AD77: =IFERROR(__xludf.DUMMYFUNCTION("iferror(PERCENTRANK.INC(FILTER($X$2:$X$423, $U$2:$U$423>=4.1), $X77), 0.01)"),0.051) -> 0.051
A78: Athan Kaliakmanis | B78: RUTGERS | C78: 16 | D78: QB | E78: Big Ten | F78: 463 | G78: 392 | H78: 234 | I78: 0.597 | J78: 3215 | K78: 8.2 | L78: 20 | M78: 10 | N78: 39 | O78: 12 | P78: =IFERROR((I78*0.35+K78*7+L78*6+J78/25-M78*10-(N78/F78)*50-(O78/G78)*40)/50,0) -> 4.0154559 | Q78: =100*(P78-MIN($P$2:$P$692))/(MAX($P$2:$P$692) - MIN($P$2:$P$692)) -> 2.303169 | S78: 4.0154559 | T78: 0.68 | W78: 1 | X78: =IFERROR((U78*0.7+T78*0.15+S78*0.15*W82),0) -> 0.67420247 | Y78: =100*(X78-MIN($X$2:$X$692))/(MAX($X$2:$X$692) - MIN($X$2:$X$692)) -> 45.036946 | Z78: =Y78-Q78 -> 42.733777 | AB78: =IFERROR(__xludf.DUMMYFUNCTION("iferror(PERCENTRANK.INC(FILTER($X$2:$X$423, $U$2:$U$423<3.75), $X78), 1)"),0.763) -> 0.763 | AC78: =IFERROR(__xludf.DUMMYFUNCTION("iferror(PERCENTRANK.INC(FILTER($X$2:$X$423, $U$2:$U$423<4.25), $X78), 1)"),0.74) -> 0.74 | AD78: =IFERROR(__xludf.DUMMYFUNCTION("iferror(PERCENTRANK.INC(FILTER($X$2:$X$423, $U$2:$U$423>=4.1), $X78), 0.01)"),0.05) -> 0.05
A79: Jerry Kaminski | B79: N DAKOTA | C79: 11 | D79: QB | E79: Missouri Valley | F79: 412 | G79: 366 | H79: 213 | I79: 0.582 | J79: 2483 | K79: 6.8 | L79: 26 | M79: 10 | N79: 15 | O79: 10 | P79: =IFERROR((I79*0.35+K79*7+L79*6+J79/25-M79*10-(N79/F79)*50-(O79/G79)*40)/50,0) -> 4.0042083 | Q79: =100*(P79-MIN($P$2:$P$692))/(MAX($P$2:$P$692) - MIN($P$2:$P$692)) -> 2.2978353 | S79: 4.0042083 | T79: 2.1 | W79: 0.9 | X79: =IFERROR((U79*0.7+T79*0.15+S79*0.15*W83),0) -> 0.85556812 | Y79: =100*(X79-MIN($X$2:$X$692))/(MAX($X$2:$X$692) - MIN($X$2:$X$692)) -> 47.279543 | Z79: =Y79-Q79 -> 44.981708 | AB79: =IFERROR(__xludf.DUMMYFUNCTION("iferror(PERCENTRANK.INC(FILTER($X$2:$X$423, $U$2:$U$423<3.75), $X79), 1)"),0.858) -> 0.858 | AC79: =IFERROR(__xludf.DUMMYFUNCTION("iferror(PERCENTRANK.INC(FILTER($X$2:$X$423, $U$2:$U$423<4.25), $X79), 1)"),0.833) -> 0.833 | AD79: =IFERROR(__xludf.DUMMYFUNCTION("iferror(PERCENTRANK.INC(FILTER($X$2:$X$423, $U$2:$U$423>=4.1), $X79), 0.01)"),0.053) -> 0.053
A80: Matt Vezza | B80: NEW HAMP | C80: 9 | D80: QB | E80: CAA | F80: 483 | G80: 397 | H80: 236 | I80: 0.595 | J80: 2769 | K80: 7 | L80: 19 | M80: 7 | N80: 27 | O80: 13 | P80: =IFERROR((I80*0.35+K80*7+L80*6+J80/25-M80*10-(N80/F80)*50-(O80/G80)*40)/50,0) -> 3.9972679 | Q80: =100*(P80-MIN($P$2:$P$692))/(MAX($P$2:$P$692) - MIN($P$2:$P$692)) -> 2.2945442 | S80: 3.9972679 | T80: -10 | W80: 0.9 | X80: =IFERROR((U80*0.7+T80*0.15+S80*0.15*W85),0) -> -0.96036883 | Y80: =100*(X80-MIN($X$2:$X$692))/(MAX($X$2:$X$692) - MIN($X$2:$X$692)) -> 24.825368 | Z80: =Y80-Q80 -> 22.530824 | AB80: =IFERROR(__xludf.DUMMYFUNCTION("iferror(PERCENTRANK.INC(FILTER($X$2:$X$423, $U$2:$U$423<3.75), $X80), 1)"),0.015) -> 0.015 | AC80: =IFERROR(__xludf.DUMMYFUNCTION("iferror(PERCENTRANK.INC(FILTER($X$2:$X$423, $U$2:$U$423<4.25), $X80), 1)"),0.015) -> 0.015 | AD80: =IFERROR(__xludf.DUMMYFUNCTION("iferror(PERCENTRANK.INC(FILTER($X$2:$X$423, $U$2:$U$423>=4.1), $X80), 0.01)"),0.01) -> 0.01
A81: Stone Earle | B81: ABILENE CH | C81: 4 | D81: QB | E81: United Athletic | F81: 502 | G81: 432 | H81: 282 | I81: 0.653 | J81: 3128 | K81: 7.2 | L81: 22 | M81: 10 | N81: 27 | O81: 14 | P81: =IFERROR((I81*0.35+K81*7+L81*6+J81/25-M81*10-(N81/F81)*50-(O81/G81)*40)/50,0) -> 4.0752602 | Q81: =100*(P81-MIN($P$2:$P$692))/(MAX($P$2:$P$692) - MIN($P$2:$P$692)) -> 2.3315281 | S81: 4.0752602 | T81: 1.48 | W81: 0.9 | X81: =IFERROR((U81*0.7+T81*0.15+S81*0.15*W86),0) -> 0.80272458 | Y81: =100*(X81-MIN($X$2:$X$692))/(MAX($X$2:$X$692) - MIN($X$2:$X$692)) -> 46.62613 | Z81: =Y81-Q81 -> 44.294602 | AB81: =IFERROR(__xludf.DUMMYFUNCTION("iferror(PERCENTRANK.INC(FILTER($X$2:$X$423, $U$2:$U$423<3.75), $X81), 1)"),0.83) -> 0.83 | AC81: =IFERROR(__xludf.DUMMYFUNCTION("iferror(PERCENTRANK.INC(FILTER($X$2:$X$423, $U$2:$U$423<4.25), $X81), 1)"),0.805) -> 0.805 | AD81: =IFERROR(__xludf.DUMMYFUNCTION("iferror(PERCENTRANK.INC(FILTER($X$2:$X$423, $U$2:$U$423>=4.1), $X81), 0.01)"),0.052) -> 0.052
A82: Micah Alejado | B82: HAWAII | C82: 12 | D82: QB | E82: MWC | F82: 457 | G82: 398 | H82: 257 | I82: 0.646 | J82: 2866 | K82: 7.2 | L82: 21 | M82: 9 | N82: 23 | O82: 12 | P82: =IFERROR((I82*0.35+K82*7+L82*6+J82/25-M82*10-(N82/F82)*50-(O82/G82)*40)/50,0) -> 3.9508732 | Q82: =100*(P82-MIN($P$2:$P$692))/(MAX($P$2:$P$692) - MIN($P$2:$P$692)) -> 2.2725438 | S82: 3.9508732 | T82: 2.66 | W82: 0.95 | X82: =IFERROR((U82*0.7+T82*0.15+S82*0.15*W87),0) -> 0.96199943 | Y82: =100*(X82-MIN($X$2:$X$692))/(MAX($X$2:$X$692) - MIN($X$2:$X$692)) -> 48.595573 | Z82: =Y82-Q82 -> 46.323029 | AB82: =IFERROR(__xludf.DUMMYFUNCTION("iferror(PERCENTRANK.INC(FILTER($X$2:$X$423, $U$2:$U$423<3.75), $X82), 1)"),0.923) -> 0.923 | AC82: =IFERROR(__xludf.DUMMYFUNCTION("iferror(PERCENTRANK.INC(FILTER($X$2:$X$423, $U$2:$U$423<4.25), $X82), 1)"),0.895) -> 0.895 | AD82: =IFERROR(__xludf.DUMMYFUNCTION("iferror(PERCENTRANK.INC(FILTER($X$2:$X$423, $U$2:$U$423>=4.1), $X82), 0.01)"),0.055) -> 0.055
A83: Hayden Johnson | B83: LEHIGH | C83: 1 | D83: QB | E83: Patriot | F83: 296 | G83: 277 | H83: 169 | I83: 0.61 | J83: 2401 | K83: 8.7 | L83: 18 | M83: 6 | N83: 8 | O83: 9 | P83: =IFERROR((I83*0.35+K83*7+L83*6+J83/25-M83*10-(N83/F83)*50-(O83/G83)*40)/50,0) -> 4.0500502 | Q83: =100*(P83-MIN($P$2:$P$692))/(MAX($P$2:$P$692) - MIN($P$2:$P$692)) -> 2.3195735 | S83: 4.0500502 | T83: 0.86 | W83: 0.9 | X83: =IFERROR((U83*0.7+T83*0.15+S83*0.15*W88),0) -> 0.67575678 | Y83: =100*(X83-MIN($X$2:$X$692))/(MAX($X$2:$X$692) - MIN($X$2:$X$692)) -> 45.056165 | Z83: =Y83-Q83 -> 42.736591 | AB83: =IFERROR(__xludf.DUMMYFUNCTION("iferror(PERCENTRANK.INC(FILTER($X$2:$X$423, $U$2:$U$423<3.75), $X83), 1)"),0.765) -> 0.765 | AC83: =IFERROR(__xludf.DUMMYFUNCTION("iferror(PERCENTRANK.INC(FILTER($X$2:$X$423, $U$2:$U$423<4.25), $X83), 1)"),0.743) -> 0.743 | AD83: =IFERROR(__xludf.DUMMYFUNCTION("iferror(PERCENTRANK.INC(FILTER($X$2:$X$423, $U$2:$U$423>=4.1), $X83), 0.01)"),0.05) -> 0.05
A84: Tyler Riddell | B84: DUQUESNE | C84: 2 | D84: QB | E84: Northeast | F84: 346 | G84: 313 | H84: 173 | I84: 0.553 | J84: 2082 | K84: 6.7 | L84: 26 | M84: 8 | N84: 17 | O84: 15 | P84: =IFERROR((I84*0.35+K84*7+L84*6+J84/25-M84*10-(N84/F84)*50-(O84/G84)*40)/50,0) -> 4.0399994 | Q84: =100*(P84-MIN($P$2:$P$692))/(MAX($P$2:$P$692) - MIN($P$2:$P$692)) -> 2.3148075 | S84: 4.0399994 | T84: 1.53 | W84: 0.9 | X84: =IFERROR((U84*0.7+T84*0.15+S84*0.15*W89),0) -> 0.77489992 | Y84: =100*(X84-MIN($X$2:$X$692))/(MAX($X$2:$X$692) - MIN($X$2:$X$692)) -> 46.282076 | Z84: =Y84-Q84 -> 43.967269 | AB84: =IFERROR(__xludf.DUMMYFUNCTION("iferror(PERCENTRANK.INC(FILTER($X$2:$X$423, $U$2:$U$423<3.75), $X84), 1)"),0.814) -> 0.814 | AC84: =IFERROR(__xludf.DUMMYFUNCTION("iferror(PERCENTRANK.INC(FILTER($X$2:$X$423, $U$2:$U$423<4.25), $X84), 1)"),0.79) -> 0.79 | AD84: =IFERROR(__xludf.DUMMYFUNCTION("iferror(PERCENTRANK.INC(FILTER($X$2:$X$423, $U$2:$U$423>=4.1), $X84), 0.01)"),0.052) -> 0.052
A85: Andy Peters | B85: STTHOM | C85: 2 | D85: QB | E85: Pioneer | F85: 282 | G85: 252 | H85: 156 | I85: 0.619 | J85: 2125 | K85: 8.4 | L85: 17 | M85: 4 | N85: 16 | O85: 10 | P85: =IFERROR((I85*0.35+K85*7+L85*6+J85/25-M85*10-(N85/F85)*50-(O85/G85)*40)/50,0) -> 4.0318494 | Q85: =100*(P85-MIN($P$2:$P$692))/(MAX($P$2:$P$692) - MIN($P$2:$P$692)) -> 2.3109427 | S85: 4.0318494 | T85: 1.01 | W85: 0.9 | X85: =IFERROR((U85*0.7+T85*0.15+S85*0.15*W90),0) -> 0.72603854 | Y85: =100*(X85-MIN($X$2:$X$692))/(MAX($X$2:$X$692) - MIN($X$2:$X$692)) -> 45.677902 | Z85: =Y85-Q85 -> 43.366959 | AB85: =IFERROR(__xludf.DUMMYFUNCTION("iferror(PERCENTRANK.INC(FILTER($X$2:$X$423, $U$2:$U$423<3.75), $X85), 1)"),0.789) -> 0.789 | AC85: =IFERROR(__xludf.DUMMYFUNCTION("iferror(PERCENTRANK.INC(FILTER($X$2:$X$423, $U$2:$U$423<4.25), $X85), 1)"),0.765) -> 0.765 | AD85: =IFERROR(__xludf.DUMMYFUNCTION("iferror(PERCENTRANK.INC(FILTER($X$2:$X$423, $U$2:$U$423>=4.1), $X85), 0.01)"),0.051) -> 0.051
A86: JC French IV | B86: GA SOUTHRN | C86: 12 | D86: QB | E86: Sun Belt | F86: 463 | G86: 384 | H86: 231 | I86: 0.602 | J86: 2769 | K86: 7.2 | L86: 19 | M86: 8 | N86: 29 | O86: 11 | P86: =IFERROR((I86*0.35+K86*7+L86*6+J86/25-M86*10-(N86/F86)*50-(O86/G86)*40)/50,0) -> 3.8218623 | Q86: =100*(P86-MIN($P$2:$P$692))/(MAX($P$2:$P$692) - MIN($P$2:$P$692)) -> 2.2113669 | S86: 3.8218623 | T86: -1.33 | W86: 0.95 | X86: =IFERROR((U86*0.7+T86*0.15+S86*0.15*W91),0) -> 0.34511538 | Y86: =100*(X86-MIN($X$2:$X$692))/(MAX($X$2:$X$692) - MIN($X$2:$X$692)) -> 40.967763 | Z86: =Y86-Q86 -> 38.756396 | AB86: =IFERROR(__xludf.DUMMYFUNCTION("iferror(PERCENTRANK.INC(FILTER($X$2:$X$423, $U$2:$U$423<3.75), $X86), 1)"),0.572) -> 0.572 | AC86: =IFERROR(__xludf.DUMMYFUNCTION("iferror(PERCENTRANK.INC(FILTER($X$2:$X$423, $U$2:$U$423<4.25), $X86), 1)"),0.555) -> 0.555 | AD86: =IFERROR(__xludf.DUMMYFUNCTION("iferror(PERCENTRANK.INC(FILTER($X$2:$X$423, $U$2:$U$423>=4.1), $X86), 0.01)"),0.045) -> 0.045
A87: Alonza Barnett III | B87: JAMES MAD | C87: 14 | D87: QB | E87: Sun Belt | F87: 345 | G87: 315 | H87: 189 | I87: 0.6 | J87: 2473 | K87: 7.8 | L87: 20 | M87: 7 | N87: 16 | O87: 8 | P87: =IFERROR((I87*0.35+K87*7+L87*6+J87/25-M87*10-(N87/F87)*50-(O87/G87)*40)/50,0) -> 4.0079057 | Q87: =100*(P87-MIN($P$2:$P$692))/(MAX($P$2:$P$692) - MIN($P$2:$P$692)) -> 2.2995886 | S87: 4.0079057 | T87: 1.15 | W87: 0.95 | X87: =IFERROR((U87*0.7+T87*0.15+S87*0.15*W92),0) -> 0.71356727 | Y87: =100*(X87-MIN($X$2:$X$692))/(MAX($X$2:$X$692) - MIN($X$2:$X$692)) -> 45.523694 | Z87: =Y87-Q87 -> 43.224105 | AB87: =IFERROR(__xludf.DUMMYFUNCTION("iferror(PERCENTRANK.INC(FILTER($X$2:$X$423, $U$2:$U$423<3.75), $X87), 1)"),0.778) -> 0.778 | AC87: =IFERROR(__xludf.DUMMYFUNCTION("iferror(PERCENTRANK.INC(FILTER($X$2:$X$423, $U$2:$U$423<4.25), $X87), 1)"),0.755) -> 0.755 | AD87: =IFERROR(__xludf.DUMMYFUNCTION("iferror(PERCENTRANK.INC(FILTER($X$2:$X$423, $U$2:$U$423>=4.1), $X87), 0.01)"),0.051) -> 0.051
A88: Chase Mason | B88: S DAK ST | C88: 7 | D88: QB | E88: Missouri Valley | F88: 245 | G88: 201 | H88: 131 | I88: 0.652 | J88: 1708 | K88: 8.5 | L88: 14 | M88: 2 | N88: 16 | O88: 3 | P88: =IFERROR((I88*0.35+K88*7+L88*6+J88/25-M88*10-(N88/F88)*50-(O88/G88)*40)/50,0) -> 3.7637176 | Q88: =100*(P88-MIN($P$2:$P$692))/(MAX($P$2:$P$692) - MIN($P$2:$P$692)) -> 2.1837946 | S88: 3.7637176 | T88: 1.27 | W88: 0.9 | X88: =IFERROR((U88*0.7+T88*0.15+S88*0.15*W93),0) -> 0.72682976 | Y88: =100*(X88-MIN($X$2:$X$692))/(MAX($X$2:$X$692) - MIN($X$2:$X$692)) -> 45.687685 | Z88: =Y88-Q88 -> 43.503891 | AB88: =IFERROR(__xludf.DUMMYFUNCTION("iferror(PERCENTRANK.INC(FILTER($X$2:$X$423, $U$2:$U$423<3.75), $X88), 1)"),0.794) -> 0.794 | AC88: =IFERROR(__xludf.DUMMYFUNCTION("iferror(PERCENTRANK.INC(FILTER($X$2:$X$423, $U$2:$U$423<4.25), $X88), 1)"),0.77) -> 0.77 | AD88: =IFERROR(__xludf.DUMMYFUNCTION("iferror(PERCENTRANK.INC(FILTER($X$2:$X$423, $U$2:$U$423>=4.1), $X88), 0.01)"),0.051) -> 0.051
A89: Cameron Peters | B89: PRVIEW A&M | C89: 4 | D89: QB | E89: SWAC | F89: 259 | G89: 245 | H89: 154 | I89: 0.629 | J89: 2197 | K89: 9 | L89: 18 | M89: 6 | N89: 2 | O89: 7 | P89: =IFERROR((I89*0.35+K89*7+L89*6+J89/25-M89*10-(N89/F89)*50-(O89/G89)*40)/50,0) -> 3.9514238 | Q89: =100*(P89-MIN($P$2:$P$692))/(MAX($P$2:$P$692) - MIN($P$2:$P$692)) -> 2.2728049 | S89: 3.9514238 | T89: 1.52 | W89: 0.9 | X89: =IFERROR((U89*0.7+T89*0.15+S89*0.15*W94),0) -> 0.7910779 | Y89: =100*(X89-MIN($X$2:$X$692))/(MAX($X$2:$X$692) - MIN($X$2:$X$692)) -> 46.482118 | Z89: =Y89-Q89 -> 44.209313 | AB89: =IFERROR(__xludf.DUMMYFUNCTION("iferror(PERCENTRANK.INC(FILTER($X$2:$X$423, $U$2:$U$423<3.75), $X89), 1)"),0.817) -> 0.817 | AC89: =IFERROR(__xludf.DUMMYFUNCTION("iferror(PERCENTRANK.INC(FILTER($X$2:$X$423, $U$2:$U$423<4.25), $X89), 1)"),0.793) -> 0.793 | AD89: =IFERROR(__xludf.DUMMYFUNCTION("iferror(PERCENTRANK.INC(FILTER($X$2:$X$423, $U$2:$U$423>=4.1), $X89), 0.01)"),0.052) -> 0.052
A90: Carlos Del Rio-Wilson | B90: MARSHALL | C90: 7 | D90: QB | E90: Sun Belt | F90: 317 | G90: 277 | H90: 175 | I90: 0.632 | J90: 2099 | K90: 7.6 | L90: 17 | M90: 5 | N90: 9 | O90: 8 | P90: =IFERROR((I90*0.35+K90*7+L90*6+J90/25-M90*10-(N90/F90)*50-(O90/G90)*40)/50,0) -> 3.7361281 | Q90: =100*(P90-MIN($P$2:$P$692))/(MAX($P$2:$P$692) - MIN($P$2:$P$692)) -> 2.1707117 | S90: 3.7361281 | T90: 2.12 | W90: 0.95 | X90: =IFERROR((U90*0.7+T90*0.15+S90*0.15*W95),0) -> 0.8223773 | Y90: =100*(X90-MIN($X$2:$X$692))/(MAX($X$2:$X$692) - MIN($X$2:$X$692)) -> 46.869137 | Z90: =Y90-Q90 -> 44.698425 | AB90: =IFERROR(__xludf.DUMMYFUNCTION("iferror(PERCENTRANK.INC(FILTER($X$2:$X$423, $U$2:$U$423<3.75), $X90), 1)"),0.838) -> 0.838 | AC90: =IFERROR(__xludf.DUMMYFUNCTION("iferror(PERCENTRANK.INC(FILTER($X$2:$X$423, $U$2:$U$423<4.25), $X90), 1)"),0.813) -> 0.813 | AD90: =IFERROR(__xludf.DUMMYFUNCTION("iferror(PERCENTRANK.INC(FILTER($X$2:$X$423, $U$2:$U$423>=4.1), $X90), 0.01)"),0.053) -> 0.053
A91: Jake Retzlaff | B91: TULANE | C91: 12 | D91: QB | E91: The American | F91: 386 | G91: 352 | H91: 212 | I91: 0.602 | J91: 2753 | K91: 7.8 | L91: 14 | M91: 6 | N91: 7 | O91: 17 | P91: =IFERROR((I91*0.35+K91*7+L91*6+J91/25-M91*10-(N91/F91)*50-(O91/G91)*40)/50,0) -> 3.7218429 | Q91: =100*(P91-MIN($P$2:$P$692))/(MAX($P$2:$P$692) - MIN($P$2:$P$692)) -> 2.1639377 | S91: 3.7218429 | T91: 0.92 | W91: 0.95 | X91: =IFERROR((U91*0.7+T91*0.15+S91*0.15*W96),0) -> 0.66836262 | Y91: =100*(X91-MIN($X$2:$X$692))/(MAX($X$2:$X$692) - MIN($X$2:$X$692)) -> 44.964736 | Z91: =Y91-Q91 -> 42.800798 | AB91: =IFERROR(__xludf.DUMMYFUNCTION("iferror(PERCENTRANK.INC(FILTER($X$2:$X$423, $U$2:$U$423<3.75), $X91), 1)"),0.76) -> 0.76 | AC91: =IFERROR(__xludf.DUMMYFUNCTION("iferror(PERCENTRANK.INC(FILTER($X$2:$X$423, $U$2:$U$423<4.25), $X91), 1)"),0.738) -> 0.738 | AD91: =IFERROR(__xludf.DUMMYFUNCTION("iferror(PERCENTRANK.INC(FILTER($X$2:$X$423, $U$2:$U$423>=4.1), $X91), 0.01)"),0.05) -> 0.05
A92: Sam Vidlak | B92: STF AUSTIN | C92: 15 | D92: QB | E92: Southland | F92: 305 | G92: 284 | H92: 184 | I92: 0.648 | J92: 2151 | K92: 7.6 | L92: 18 | M92: 6 | N92: 15 | O92: 15 | P92: =IFERROR((I92*0.35+K92*7+L92*6+J92/25-M92*10-(N92/F92)*50-(O92/G92)*40)/50,0) -> 3.6579022 | Q92: =100*(P92-MIN($P$2:$P$692))/(MAX($P$2:$P$692) - MIN($P$2:$P$692)) -> 2.133617 | S92: 3.6579022 | T92: -0.51 | W92: 0.9 | X92: =IFERROR((U92*0.7+T92*0.15+S92*0.15*W97),0) -> 0.47218532 | Y92: =100*(X92-MIN($X$2:$X$692))/(MAX($X$2:$X$692) - MIN($X$2:$X$692)) -> 42.538991 | Z92: =Y92-Q92 -> 40.405374 | AB92: =IFERROR(__xludf.DUMMYFUNCTION("iferror(PERCENTRANK.INC(FILTER($X$2:$X$423, $U$2:$U$423<3.75), $X92), 1)"),0.637) -> 0.637 | AC92: =IFERROR(__xludf.DUMMYFUNCTION("iferror(PERCENTRANK.INC(FILTER($X$2:$X$423, $U$2:$U$423<4.25), $X92), 1)"),0.618) -> 0.618 | AD92: =IFERROR(__xludf.DUMMYFUNCTION("iferror(PERCENTRANK.INC(FILTER($X$2:$X$423, $U$2:$U$423>=4.1), $X92), 0.01)"),0.047) -> 0.047
A93: Tucker Gleason | B93: TOLEDO | C93: 4 | D93: QB | E93: MAC | F93: 364 | G93: 343 | H93: 216 | I93: 0.63 | J93: 2607 | K93: 7.6 | L93: 21 | M93: 9 | N93: 9 | O93: 8 | P93: =IFERROR((I93*0.35+K93*7+L93*6+J93/25-M93*10-(N93/F93)*50-(O93/G93)*40)/50,0) -> 3.8306258 | Q93: =100*(P93-MIN($P$2:$P$692))/(MAX($P$2:$P$692) - MIN($P$2:$P$692)) -> 2.2155225 | S93: 3.8306258 | T93: 1.31 | W93: 0.95 | X93: =IFERROR((U93*0.7+T93*0.15+S93*0.15*W98),0) -> 0.71363449 | Y93: =100*(X93-MIN($X$2:$X$692))/(MAX($X$2:$X$692) - MIN($X$2:$X$692)) -> 45.524525 | Z93: =Y93-Q93 -> 43.309003 | AB93: =IFERROR(__xludf.DUMMYFUNCTION("iferror(PERCENTRANK.INC(FILTER($X$2:$X$423, $U$2:$U$423<3.75), $X93), 1)"),0.781) -> 0.781 | AC93: =IFERROR(__xludf.DUMMYFUNCTION("iferror(PERCENTRANK.INC(FILTER($X$2:$X$423, $U$2:$U$423<4.25), $X93), 1)"),0.758) -> 0.758 | AD93: =IFERROR(__xludf.DUMMYFUNCTION("iferror(PERCENTRANK.INC(FILTER($X$2:$X$423, $U$2:$U$423>=4.1), $X93), 0.01)"),0.051) -> 0.051
A94: Jacob Clark | B94: MO STATE | C94: 12 | D94: QB | E94: C-USA | F94: 438 | G94: 363 | H94: 225 | I94: 0.62 | J94: 2930 | K94: 8.1 | L94: 24 | M94: 13 | N94: 41 | O94: 16 | P94: =IFERROR((I94*0.35+K94*7+L94*6+J94/25-M94*10-(N94/F94)*50-(O94/G94)*40)/50,0) -> 3.633471 | Q94: =100*(P94-MIN($P$2:$P$692))/(MAX($P$2:$P$692) - MIN($P$2:$P$692)) -> 2.1220317 | S94: 3.633471 | T94: 5.18 | W94: 0.95 | X94: =IFERROR((U94*0.7+T94*0.15+S94*0.15*W99),0) -> 1.3220206 | Y94: =100*(X94-MIN($X$2:$X$692))/(MAX($X$2:$X$692) - MIN($X$2:$X$692)) -> 53.047258 | Z94: =Y94-Q94 -> 50.925227 | AB94: =IFERROR(__xludf.DUMMYFUNCTION("iferror(PERCENTRANK.INC(FILTER($X$2:$X$423, $U$2:$U$423<3.75), $X94), 1)"),0.956) -> 0.956 | AC94: =IFERROR(__xludf.DUMMYFUNCTION("iferror(PERCENTRANK.INC(FILTER($X$2:$X$423, $U$2:$U$423<4.25), $X94), 1)"),0.928) -> 0.928 | AD94: =IFERROR(__xludf.DUMMYFUNCTION("iferror(PERCENTRANK.INC(FILTER($X$2:$X$423, $U$2:$U$423>=4.1), $X94), 0.01)"),0.061) -> 0.061
A95: Cason Carswell | B95: W ILLINOIS | C95: 15 | D95: QB | E95: Big South - OVC Football Association | F95: 352 | G95: 324 | H95: 190 | I95: 0.586 | J95: 2084 | K95: 6.4 | L95: 16 | M95: 3 | N95: 17 | O95: 8 | P95: =IFERROR((I95*0.35+K95*7+L95*6+J95/25-M95*10-(N95/F95)*50-(O95/G95)*40)/50,0) -> 3.8192535 | Q95: =100*(P95-MIN($P$2:$P$692))/(MAX($P$2:$P$692) - MIN($P$2:$P$692)) -> 2.2101297 | S95: 3.8192535 | T95: 2.29 | W95: 0.9 | X95: =IFERROR((U95*0.7+T95*0.15+S95*0.15*W100),0) -> 0.88774362 | Y95: =100*(X95-MIN($X$2:$X$692))/(MAX($X$2:$X$692) - MIN($X$2:$X$692)) -> 47.677395 | Z95: =Y95-Q95 -> 45.467266 | AB95: =IFERROR(__xludf.DUMMYFUNCTION("iferror(PERCENTRANK.INC(FILTER($X$2:$X$423, $U$2:$U$423<3.75), $X95), 1)"),0.889) -> 0.889 | AC95: =IFERROR(__xludf.DUMMYFUNCTION("iferror(PERCENTRANK.INC(FILTER($X$2:$X$423, $U$2:$U$423<4.25), $X95), 1)"),0.863) -> 0.863 | AD95: =IFERROR(__xludf.DUMMYFUNCTION("iferror(PERCENTRANK.INC(FILTER($X$2:$X$423, $U$2:$U$423>=4.1), $X95), 0.01)"),0.054) -> 0.054
A96: Walker Eget | B96: S JOSE ST | C96: 5 | D96: QB | E96: MWC | F96: 441 | G96: 417 | H96: 235 | I96: 0.564 | J96: 3091 | K96: 7.4 | L96: 17 | M96: 9 | N96: 6 | O96: 20 | P96: =IFERROR((I96*0.35+K96*7+L96*6+J96/25-M96*10-(N96/F96)*50-(O96/G96)*40)/50,0) -> 3.7007733 | Q96: =100*(P96-MIN($P$2:$P$692))/(MAX($P$2:$P$692) - MIN($P$2:$P$692)) -> 2.1539464 | S96: 3.7007733 | T96: 1.97 | W96: 0.95 | X96: =IFERROR((U96*0.7+T96*0.15+S96*0.15*W101),0) -> 0.79510439 | Y96: =100*(X96-MIN($X$2:$X$692))/(MAX($X$2:$X$692) - MIN($X$2:$X$692)) -> 46.531906 | Z96: =Y96-Q96 -> 44.377959 | AB96: =IFERROR(__xludf.DUMMYFUNCTION("iferror(PERCENTRANK.INC(FILTER($X$2:$X$423, $U$2:$U$423<3.75), $X96), 1)"),0.822) -> 0.822 | AC96: =IFERROR(__xludf.DUMMYFUNCTION("iferror(PERCENTRANK.INC(FILTER($X$2:$X$423, $U$2:$U$423<4.25), $X96), 1)"),0.798) -> 0.798 | AD96: =IFERROR(__xludf.DUMMYFUNCTION("iferror(PERCENTRANK.INC(FILTER($X$2:$X$423, $U$2:$U$423>=4.1), $X96), 0.01)"),0.052) -> 0.052
A97: Bear Bachmeier | B97: BYU | C97: 47 | D97: QB | E97: Big 12 | F97: 390 | G97: 345 | H97: 213 | I97: 0.617 | J97: 2616 | K97: 7.6 | L97: 14 | M97: 6 | N97: 15 | O97: 15 | P97: =IFERROR((I97*0.35+K97*7+L97*6+J97/25-M97*10-(N97/F97)*50-(O97/G97)*40)/50,0) -> 3.5678749 | Q97: =100*(P97-MIN($P$2:$P$692))/(MAX($P$2:$P$692) - MIN($P$2:$P$692)) -> 2.090926 | S97: 3.5678749 | T97: 1.01 | W97: 1 | X97: =IFERROR((U97*0.7+T97*0.15+S97*0.15*W102),0) -> 0.63316311 | Y97: =100*(X97-MIN($X$2:$X$692))/(MAX($X$2:$X$692) - MIN($X$2:$X$692)) -> 44.529491 | Z97: =Y97-Q97 -> 42.438565 | AB97: =IFERROR(__xludf.DUMMYFUNCTION("iferror(PERCENTRANK.INC(FILTER($X$2:$X$423, $U$2:$U$423<3.75), $X97), 1)"),0.742) -> 0.742 | AC97: =IFERROR(__xludf.DUMMYFUNCTION("iferror(PERCENTRANK.INC(FILTER($X$2:$X$423, $U$2:$U$423<4.25), $X97), 1)"),0.72) -> 0.72 | AD97: =IFERROR(__xludf.DUMMYFUNCTION("iferror(PERCENTRANK.INC(FILTER($X$2:$X$423, $U$2:$U$423>=4.1), $X97), 0.01)"),0.05) -> 0.05
A98: Landen Clark | B98: ELON | C98: 11 | D98: QB | E98: CAA | F98: 394 | G98: 293 | H98: 159 | I98: 0.543 | J98: 2343 | K98: 8 | L98: 18 | M98: 8 | N98: 37 | O98: 8 | P98: =IFERROR((I98*0.35+K98*7+L98*6+J98/25-M98*10-(N98/F98)*50-(O98/G98)*40)/50,0) -> 3.4424494 | Q98: =100*(P98-MIN($P$2:$P$692))/(MAX($P$2:$P$692) - MIN($P$2:$P$692)) -> 2.0314493 | S98: 3.4424494 | T98: 9.61 | U98: 4.59 | V98: 4.44 | W98: 0.9 | X98: =IFERROR((U98*0.7+T98*0.15+S98*0.15*W103),0) -> 5.1192307 | Y98: =100*(X98-MIN($X$2:$X$692))/(MAX($X$2:$X$692) - MIN($X$2:$X$692)) -> 100 | Z98: =Y98-Q98 -> 97.968551 | AB98: =IFERROR(__xludf.DUMMYFUNCTION("iferror(PERCENTRANK.INC(FILTER($X$2:$X$423, $U$2:$U$423<3.75), $X98), 1)"),1.0) -> 1 | AC98: =IFERROR(__xludf.DUMMYFUNCTION("iferror(PERCENTRANK.INC(FILTER($X$2:$X$423, $U$2:$U$423<4.25), $X98), 1)"),1.0) -> 1 | AD98: =IFERROR(__xludf.DUMMYFUNCTION("iferror(PERCENTRANK.INC(FILTER($X$2:$X$423, $U$2:$U$423>=4.1), $X98), 0.01)"),1.0) -> 1
A99: Malik Washington | B99: MARYLAND | C99: 7 | D99: QB | E99: Big Ten | F99: 519 | G99: 484 | H99: 273 | I99: 0.564 | J99: 2963 | K99: 6.1 | L99: 17 | M99: 9 | N99: 9 | O99: 13 | P99: =IFERROR((I99*0.35+K99*7+L99*6+J99/25-M99*10-(N99/F99)*50-(O99/G99)*40)/50,0) -> 3.4295194 | Q99: =100*(P99-MIN($P$2:$P$692))/(MAX($P$2:$P$692) - MIN($P$2:$P$692)) -> 2.0253178 | S99: 3.4295194 | T99: 7.24 | W99: 1 | X99: =IFERROR((U99*0.7+T99*0.15+S99*0.15*W104),0) -> 1.5489851 | Y99: =100*(X99-MIN($X$2:$X$692))/(MAX($X$2:$X$692) - MIN($X$2:$X$692)) -> 55.853688 | Z99: =Y99-Q99 -> 53.82837 | AB99: =IFERROR(__xludf.DUMMYFUNCTION("iferror(PERCENTRANK.INC(FILTER($X$2:$X$423, $U$2:$U$423<3.75), $X99), 1)"),0.972) -> 0.972 | AC99: =IFERROR(__xludf.DUMMYFUNCTION("iferror(PERCENTRANK.INC(FILTER($X$2:$X$423, $U$2:$U$423<4.25), $X99), 1)"),0.943) -> 0.943 | AD99: =IFERROR(__xludf.DUMMYFUNCTION("iferror(PERCENTRANK.INC(FILTER($X$2:$X$423, $U$2:$U$423>=4.1), $X99), 0.01)"),0.064) -> 0.064
A100: Brendon Lewis | B100: MEMPHIS | C100: 2 | D100: QB | E100: The American | F100: 443 | G100: 363 | H100: 242 | I100: 0.667 | J100: 2601 | K100: 7.2 | L100: 15 | M100: 6 | N100: 29 | O100: 14 | P100: =IFERROR((I100*0.35+K100*7+L100*6+J100/25-M100*10-(N100/F100)*50-(O100/G100)*40)/50,0) -> 3.5971523 | Q100: =100*(P100-MIN($P$2:$P$692))/(MAX($P$2:$P$692) - MIN($P$2:$P$692)) -> 2.1048094 | S100: 3.5971523 | T100: 1.09 | W100: 0.95 | X100: =IFERROR((U100*0.7+T100*0.15+S100*0.15*W105),0) -> 0.64911555 | Y100: =100*(X100-MIN($X$2:$X$692))/(MAX($X$2:$X$692) - MIN($X$2:$X$692)) -> 44.726744 | Z100: =Y100-Q100 -> 42.621935 | AB100: =IFERROR(__xludf.DUMMYFUNCTION("iferror(PERCENTRANK.INC(FILTER($X$2:$X$423, $U$2:$U$423<3.75), $X100), 1)"),0.753) -> 0.753 | AC100: =IFERROR(__xludf.DUMMYFUNCTION("iferror(PERCENTRANK.INC(FILTER($X$2:$X$423, $U$2:$U$423<4.25), $X100), 1)"),0.73) -> 0.73 | AD100: =IFERROR(__xludf.DUMMYFUNCTION("iferror(PERCENTRANK.INC(FILTER($X$2:$X$423, $U$2:$U$423>=4.1), $X100), 0.01)"),0.05) -> 0.05
...

Sheet RB Sheet
A1: Name | B1: Team | C1: # | D1: POS | E1: CONF | F1: ATT | G1: RUN YDS | H1: YPC | I1: RUN TD | J1: Game Score | K1: Normalized Score | M1: Game Score | N1: Average Value | O1: Film Grade | P1: Production Modifier | Q1: Adjusted Score | R1: Normalized Score | T1: FCS Prospect Percentile | U1: G5 Prospect Percentile | V1: P4 Prospect Percentile
A2: Xai'Shaun Edwards | B2: HOUCHR | C2: 24 | D2: HB | E2: Southland | F2: 161 | G2: 878 | H2: 5.5 | I2: 10 | J2: 4.802 | K2: =100*(J2-MIN($J$2:$J$143))/(MAX($J$2:$J$143) - MIN($J$2:$J$143)) -> 48.328817 | M2: 4.802 | N2: 8.9 | O2: 5.34 | P2: 0.9 | Q2: =IFERROR(M2*P2*0.05+N2*0.05+O2*0.9,0) -> 5.46709 | R2: =100*(Q2-MIN($Q$2:$Q$143))/(MAX($Q$2:$Q$143) - MIN($Q$2:$Q$143)) -> 100 | T2: =IFERROR(__xludf.DUMMYFUNCTION("iferror(PERCENTRANK.INC(FILTER($Q$2:$Q$428, $O$2:$O$428<3.75), $Q2), 1)"),1.0) -> 1 | U2: =IFERROR(__xludf.DUMMYFUNCTION("iferror(PERCENTRANK.INC(FILTER($Q$2:$Q$428, $O$2:$O$428<4.25), $Q2), 1)"),1.0) -> 1 | V2: =IFERROR(__xludf.DUMMYFUNCTION("iferror(PERCENTRANK.INC(FILTER($Q$2:$Q$428, $O$2:$O$428>=4.1), $Q2), 0.01)"),1.0) -> 1
A3: Miles Davis | B3: UTAH ST | C3: 2 | D3: HB | E3: MWC | F3: 99 | G3: 623 | H3: 6.3 | I3: 6 | J3: 3.568 | K3: =100*(J3-MIN($J$2:$J$143))/(MAX($J$2:$J$143) - MIN($J$2:$J$143)) -> 29.750075 | M3: 3.568 | N3: 1.05 | O3: 5.66 | P3: 0.95 | Q3: =IFERROR(M3*P3*0.05+N3*0.05+O3*0.9,0) -> 5.31598 | R3: =100*(Q3-MIN($Q$2:$Q$143))/(MAX($Q$2:$Q$143) - MIN($Q$2:$Q$143)) -> 97.236007 | T3: =IFERROR(__xludf.DUMMYFUNCTION("iferror(PERCENTRANK.INC(FILTER($Q$2:$Q$428, $O$2:$O$428<3.75), $Q3), 1)"),1.0) -> 1 | U3: =IFERROR(__xludf.DUMMYFUNCTION("iferror(PERCENTRANK.INC(FILTER($Q$2:$Q$428, $O$2:$O$428<4.25), $Q3), 1)"),1.0) -> 1 | V3: =IFERROR(__xludf.DUMMYFUNCTION("iferror(PERCENTRANK.INC(FILTER($Q$2:$Q$428, $O$2:$O$428>=4.1), $Q3), 0.01)"),0.973) -> 0.973
A4: Dason Brooks | B4: IDAHO ST | C4: 28 | D4: HB | E4: Big Sky | F4: 127 | G4: 905 | H4: 7.1 | I4: 9 | J4: 4.788 | K4: =100*(J4-MIN($J$2:$J$143))/(MAX($J$2:$J$143) - MIN($J$2:$J$143)) -> 48.118037 | M4: 4.788 | N4: 3.3 | O4: 5.28 | P4: 0.9 | Q4: =IFERROR(M4*P4*0.05+N4*0.05+O4*0.9,0) -> 5.13246 | R4: =100*(Q4-MIN($Q$2:$Q$143))/(MAX($Q$2:$Q$143) - MIN($Q$2:$Q$143)) -> 93.879193 | T4: =IFERROR(__xludf.DUMMYFUNCTION("iferror(PERCENTRANK.INC(FILTER($Q$2:$Q$428, $O$2:$O$428<3.75), $Q4), 1)"),1.0) -> 1 | U4: =IFERROR(__xludf.DUMMYFUNCTION("iferror(PERCENTRANK.INC(FILTER($Q$2:$Q$428, $O$2:$O$428<4.25), $Q4), 1)"),1.0) -> 1 | V4: =IFERROR(__xludf.DUMMYFUNCTION("iferror(PERCENTRANK.INC(FILTER($Q$2:$Q$428, $O$2:$O$428>=4.1), $Q4), 0.01)"),0.946) -> 0.946
A5: Cam Cook | B5: JVILLE ST | C5: 4 | D5: HB | E5: C-USA | F5: 206 | G5: 1192 | H5: 5.8 | I5: 12 | J5: 5.988 | K5: =100*(J5-MIN($J$2:$J$143))/(MAX($J$2:$J$143) - MIN($J$2:$J$143)) -> 66.184884 | M5: 5.988 | N5: 0.78 | O5: 5.34 | P5: 0.95 | Q5: =IFERROR(M5*P5*0.05+N5*0.05+O5*0.9,0) -> 5.12943 | R5: =100*(Q5-MIN($Q$2:$Q$143))/(MAX($Q$2:$Q$143) - MIN($Q$2:$Q$143)) -> 93.823771 | T5: =IFERROR(__xludf.DUMMYFUNCTION("iferror(PERCENTRANK.INC(FILTER($Q$2:$Q$428, $O$2:$O$428<3.75), $Q5), 1)"),1.0) -> 1 | U5: =IFERROR(__xludf.DUMMYFUNCTION("iferror(PERCENTRANK.INC(FILTER($Q$2:$Q$428, $O$2:$O$428<4.25), $Q5), 1)"),1.0) -> 1 | V5: =IFERROR(__xludf.DUMMYFUNCTION("iferror(PERCENTRANK.INC(FILTER($Q$2:$Q$428, $O$2:$O$428>=4.1), $Q5), 0.01)"),0.919) -> 0.919
A6: Carson Gresock | B6: GARD-WEBB | C6: 33 | D6: HB | E6: Big South - OVC Football Association | F6: 99 | G6: 707 | H6: 7.1 | I6: 12 | J6: 4.584 | K6: =100*(J6-MIN($J$2:$J$143))/(MAX($J$2:$J$143) - MIN($J$2:$J$143)) -> 45.046673 | M6: 4.584 | N6: 5.9 | O6: 5.02 | P6: 0.9 | Q6: =IFERROR(M6*P6*0.05+N6*0.05+O6*0.9,0) -> 5.01928 | R6: =100*(Q6-MIN($Q$2:$Q$143))/(MAX($Q$2:$Q$143) - MIN($Q$2:$Q$143)) -> 91.808988 | T6: =IFERROR(__xludf.DUMMYFUNCTION("iferror(PERCENTRANK.INC(FILTER($Q$2:$Q$428, $O$2:$O$428<3.75), $Q6), 1)"),1.0) -> 1 | U6: =IFERROR(__xludf.DUMMYFUNCTION("iferror(PERCENTRANK.INC(FILTER($Q$2:$Q$428, $O$2:$O$428<4.25), $Q6), 1)"),1.0) -> 1 | V6: =IFERROR(__xludf.DUMMYFUNCTION("iferror(PERCENTRANK.INC(FILTER($Q$2:$Q$428, $O$2:$O$428>=4.1), $Q6), 0.01)"),0.838) -> 0.838
A7: Nykahi Davenport | B7: USF | C7: 25 | D7: HB | E7: The American | F7: 55 | G7: 396 | H7: 7.2 | I7: 5 | J7: 2.874 | K7: =100*(J7-MIN($J$2:$J$143))/(MAX($J$2:$J$143) - MIN($J$2:$J$143)) -> 19.301415 | M7: 2.874 | N7: 0.78 | O7: 5.34 | P7: 0.95 | Q7: =IFERROR(M7*P7*0.05+N7*0.05+O7*0.9,0) -> 4.981515 | R7: =100*(Q7-MIN($Q$2:$Q$143))/(MAX($Q$2:$Q$143) - MIN($Q$2:$Q$143)) -> 91.118218 | T7: =IFERROR(__xludf.DUMMYFUNCTION("iferror(PERCENTRANK.INC(FILTER($Q$2:$Q$428, $O$2:$O$428<3.75), $Q7), 1)"),1.0) -> 1 | U7: =IFERROR(__xludf.DUMMYFUNCTION("iferror(PERCENTRANK.INC(FILTER($Q$2:$Q$428, $O$2:$O$428<4.25), $Q7), 1)"),1.0) -> 1 | V7: =IFERROR(__xludf.DUMMYFUNCTION("iferror(PERCENTRANK.INC(FILTER($Q$2:$Q$428, $O$2:$O$428>=4.1), $Q7), 0.01)"),0.784) -> 0.784
A8: Ofa Mataele | B8: W MICHIGAN | C8: 24 | D8: HB | E8: MAC | F8: 40 | G8: 187 | H8: 4.7 | I8: 3 | J8: 1.726 | K8: =100*(J8-MIN($J$2:$J$143))/(MAX($J$2:$J$143) - MIN($J$2:$J$143)) -> 2.0174646 | M8: 1.726 | N8: 6.47 | O8: 4.96 | P8: 0.95 | Q8: =IFERROR(M8*P8*0.05+N8*0.05+O8*0.9,0) -> 4.869485 | R8: =100*(Q8-MIN($Q$2:$Q$143))/(MAX($Q$2:$Q$143) - MIN($Q$2:$Q$143)) -> 89.069048 | T8: =IFERROR(__xludf.DUMMYFUNCTION("iferror(PERCENTRANK.INC(FILTER($Q$2:$Q$428, $O$2:$O$428<3.75), $Q8), 1)"),1.0) -> 1 | U8: =IFERROR(__xludf.DUMMYFUNCTION("iferror(PERCENTRANK.INC(FILTER($Q$2:$Q$428, $O$2:$O$428<4.25), $Q8), 1)"),1.0) -> 1 | V8: =IFERROR(__xludf.DUMMYFUNCTION("iferror(PERCENTRANK.INC(FILTER($Q$2:$Q$428, $O$2:$O$428>=4.1), $Q8), 0.01)"),0.73) -> 0.73
A9: Daelen Alexander | B9: RICE | C9: 20 | D9: HB | E9: The American | F9: 74 | G9: 392 | H9: 5.3 | I9: 3 | J9: 2.436 | K9: =100*(J9-MIN($J$2:$J$143))/(MAX($J$2:$J$143) - MIN($J$2:$J$143)) -> 12.707016 | M9: 2.436 | N9: 10 | O9: 4.67 | P9: 0.95 | Q9: =IFERROR(M9*P9*0.05+N9*0.05+O9*0.9,0) -> 4.81871 | R9: =100*(Q9-MIN($Q$2:$Q$143))/(MAX($Q$2:$Q$143) - MIN($Q$2:$Q$143)) -> 88.140309 | T9: =IFERROR(__xludf.DUMMYFUNCTION("iferror(PERCENTRANK.INC(FILTER($Q$2:$Q$428, $O$2:$O$428<3.75), $Q9), 1)"),1.0) -> 1 | U9: =IFERROR(__xludf.DUMMYFUNCTION("iferror(PERCENTRANK.INC(FILTER($Q$2:$Q$428, $O$2:$O$428<4.25), $Q9), 1)"),1.0) -> 1 | V9: =IFERROR(__xludf.DUMMYFUNCTION("iferror(PERCENTRANK.INC(FILTER($Q$2:$Q$428, $O$2:$O$428>=4.1), $Q9), 0.01)"),0.703) -> 0.703
A10: Cornell Hatcher Jr. | B10: OREGON ST | C10: 21 | D10: HB | E10: Pac-12 | F10: 45 | G10: 262 | H10: 5.8 | I10: 2 | J10: 1.962 | K10: =100*(J10-MIN($J$2:$J$143))/(MAX($J$2:$J$143) - MIN($J$2:$J$143)) -> 5.5706113 | M10: 1.962 | N10: 7.56 | O10: 4.7 | P10: 0.95 | Q10: =IFERROR(M10*P10*0.05+N10*0.05+O10*0.9,0) -> 4.701195 | R10: =100*(Q10-MIN($Q$2:$Q$143))/(MAX($Q$2:$Q$143) - MIN($Q$2:$Q$143)) -> 85.99081 | T10: =IFERROR(__xludf.DUMMYFUNCTION("iferror(PERCENTRANK.INC(FILTER($Q$2:$Q$428, $O$2:$O$428<3.75), $Q10), 1)"),1.0) -> 1 | U10: =IFERROR(__xludf.DUMMYFUNCTION("iferror(PERCENTRANK.INC(FILTER($Q$2:$Q$428, $O$2:$O$428<4.25), $Q10), 1)"),1.0) -> 1 | V10: =IFERROR(__xludf.DUMMYFUNCTION("iferror(PERCENTRANK.INC(FILTER($Q$2:$Q$428, $O$2:$O$428>=4.1), $Q10), 0.01)"),0.649) -> 0.649
A11: Jeffery Pittman | B11: SO MISS | C11: 0 | D11: HB | E11: Sun Belt | F11: 118 | G11: 525 | H11: 4.5 | I11: 6 | J11: 3.198 | K11: =100*(J11-MIN($J$2:$J$143))/(MAX($J$2:$J$143) - MIN($J$2:$J$143)) -> 24.179464 | M11: 3.198 | N11: 4.94 | O11: 4.7 | P11: 0.95 | Q11: =IFERROR(M11*P11*0.05+N11*0.05+O11*0.9,0) -> 4.628905 | R11: =100*(Q11-MIN($Q$2:$Q$143))/(MAX($Q$2:$Q$143) - MIN($Q$2:$Q$143)) -> 84.668535 | T11: =IFERROR(__xludf.DUMMYFUNCTION("iferror(PERCENTRANK.INC(FILTER($Q$2:$Q$428, $O$2:$O$428<3.75), $Q11), 1)"),1.0) -> 1 | U11: =IFERROR(__xludf.DUMMYFUNCTION("iferror(PERCENTRANK.INC(FILTER($Q$2:$Q$428, $O$2:$O$428<4.25), $Q11), 1)"),1.0) -> 1 | V11: =IFERROR(__xludf.DUMMYFUNCTION("iferror(PERCENTRANK.INC(FILTER($Q$2:$Q$428, $O$2:$O$428>=4.1), $Q11), 0.01)"),0.595) -> 0.595
A12: Brady Hensley | B12: E KENTUCKY | C12: 42 | D12: HB | E12: United Athletic | F12: 76 | G12: 478 | H12: 6.3 | I12: 4 | J12: 2.9 | K12: =100*(J12-MIN($J$2:$J$143))/(MAX($J$2:$J$143) - MIN($J$2:$J$143)) -> 19.692864 | M12: 2.9 | N12: 10 | O12: 4.38 | P12: 0.9 | Q12: =IFERROR(M12*P12*0.05+N12*0.05+O12*0.9,0) -> 4.5725 | R12: =100*(Q12-MIN($Q$2:$Q$143))/(MAX($Q$2:$Q$143) - MIN($Q$2:$Q$143)) -> 83.636816 | T12: =IFERROR(__xludf.DUMMYFUNCTION("iferror(PERCENTRANK.INC(FILTER($Q$2:$Q$428, $O$2:$O$428<3.75), $Q12), 1)"),1.0) -> 1 | U12: =IFERROR(__xludf.DUMMYFUNCTION("iferror(PERCENTRANK.INC(FILTER($Q$2:$Q$428, $O$2:$O$428<4.25), $Q12), 1)"),1.0) -> 1 | V12: =IFERROR(__xludf.DUMMYFUNCTION("iferror(PERCENTRANK.INC(FILTER($Q$2:$Q$428, $O$2:$O$428>=4.1), $Q12), 0.01)"),0.568) -> 0.568
A13: Caleb Hawkins | B13: N TEXAS | C13: 24 | D13: HB | E13: The American | F13: 124 | G13: 760 | H13: 6.1 | I13: 11 | J13: 4.56 | K13: =100*(J13-MIN($J$2:$J$143))/(MAX($J$2:$J$143) - MIN($J$2:$J$143)) -> 44.685336 | M13: 4.56 | N13: 0.69 | O13: 4.7 | P13: 0.95 | Q13: =IFERROR(M13*P13*0.05+N13*0.05+O13*0.9,0) -> 4.4811 | R13: =100*(Q13-MIN($Q$2:$Q$143))/(MAX($Q$2:$Q$143) - MIN($Q$2:$Q$143)) -> 81.964994 | T13: =IFERROR(__xludf.DUMMYFUNCTION("iferror(PERCENTRANK.INC(FILTER($Q$2:$Q$428, $O$2:$O$428<3.75), $Q13), 1)"),1.0) -> 1 | U13: =IFERROR(__xludf.DUMMYFUNCTION("iferror(PERCENTRANK.INC(FILTER($Q$2:$Q$428, $O$2:$O$428<4.25), $Q13), 1)"),1.0) -> 1 | V13: =IFERROR(__xludf.DUMMYFUNCTION("iferror(PERCENTRANK.INC(FILTER($Q$2:$Q$428, $O$2:$O$428>=4.1), $Q13), 0.01)"),0.541) -> 0.541
A14: Telly Johnson Jr. | B14: N ILLINOIS | C14: 45 | D14: HB | E14: MAC | F14: 103 | G14: 597 | H14: 5.8 | I14: 3 | J14: 3.1 | K14: =100*(J14-MIN($J$2:$J$143))/(MAX($J$2:$J$143) - MIN($J$2:$J$143)) -> 22.704005 | M14: 3.1 | N14: 0.81 | O14: 4.75 | P14: 0.95 | Q14: =IFERROR(M14*P14*0.05+N14*0.05+O14*0.9,0) -> 4.46275 | R14: =100*(Q14-MIN($Q$2:$Q$143))/(MAX($Q$2:$Q$143) - MIN($Q$2:$Q$143)) -> 81.629349 | T14: =IFERROR(__xludf.DUMMYFUNCTION("iferror(PERCENTRANK.INC(FILTER($Q$2:$Q$428, $O$2:$O$428<3.75), $Q14), 1)"),1.0) -> 1 | U14: =IFERROR(__xludf.DUMMYFUNCTION("iferror(PERCENTRANK.INC(FILTER($Q$2:$Q$428, $O$2:$O$428<4.25), $Q14), 1)"),1.0) -> 1 | V14: =IFERROR(__xludf.DUMMYFUNCTION("iferror(PERCENTRANK.INC(FILTER($Q$2:$Q$428, $O$2:$O$428>=4.1), $Q14), 0.01)"),0.486) -> 0.486
A15: Zylan Perry | B15: LA LAFAYET | C15: 3 | D15: HB | E15: Sun Belt | F15: 112 | G15: 611 | H15: 5.5 | I15: 7 | J15: 3.614 | K15: =100*(J15-MIN($J$2:$J$143))/(MAX($J$2:$J$143) - MIN($J$2:$J$143)) -> 30.442638 | M15: 3.614 | N15: 0.89 | O15: 4.64 | P15: 0.95 | Q15: =IFERROR(M15*P15*0.05+N15*0.05+O15*0.9,0) -> 4.392165 | R15: =100*(Q15-MIN($Q$2:$Q$143))/(MAX($Q$2:$Q$143) - MIN($Q$2:$Q$143)) -> 80.33826 | T15: =IFERROR(__xludf.DUMMYFUNCTION("iferror(PERCENTRANK.INC(FILTER($Q$2:$Q$428, $O$2:$O$428<3.75), $Q15), 1)"),1.0) -> 1 | U15: =IFERROR(__xludf.DUMMYFUNCTION("iferror(PERCENTRANK.INC(FILTER($Q$2:$Q$428, $O$2:$O$428<4.25), $Q15), 1)"),1.0) -> 1 | V15: =IFERROR(__xludf.DUMMYFUNCTION("iferror(PERCENTRANK.INC(FILTER($Q$2:$Q$428, $O$2:$O$428>=4.1), $Q15), 0.01)"),0.432) -> 0.432
A16: Dominic Knicely | B16: COAST CAR | C16: 23 | D16: HB | E16: Sun Belt | F16: 56 | G16: 363 | H16: 6.5 | I16: 2 | J16: 2.342 | K16: =100*(J16-MIN($J$2:$J$143))/(MAX($J$2:$J$143) - MIN($J$2:$J$143)) -> 11.29178 | M16: 2.342 | N16: 1 | O16: 4.7 | P16: 0.95 | Q16: =IFERROR(M16*P16*0.05+N16*0.05+O16*0.9,0) -> 4.391245 | R16: =100*(Q16-MIN($Q$2:$Q$143))/(MAX($Q$2:$Q$143) - MIN($Q$2:$Q$143)) -> 80.321432 | T16: =IFERROR(__xludf.DUMMYFUNCTION("iferror(PERCENTRANK.INC(FILTER($Q$2:$Q$428, $O$2:$O$428<3.75), $Q16), 1)"),1.0) -> 1 | U16: =IFERROR(__xludf.DUMMYFUNCTION("iferror(PERCENTRANK.INC(FILTER($Q$2:$Q$428, $O$2:$O$428<4.25), $Q16), 1)"),1.0) -> 1 | V16: =IFERROR(__xludf.DUMMYFUNCTION("iferror(PERCENTRANK.INC(FILTER($Q$2:$Q$428, $O$2:$O$428>=4.1), $Q16), 0.01)"),0.405) -> 0.405
A17: Greg Burrell | B17: TEXAS ST | C17: 9 | D17: HB | E17: Sun Belt | F17: 64 | G17: 394 | H17: 6.2 | I17: 3 | J17: 2.524 | K17: =100*(J17-MIN($J$2:$J$143))/(MAX($J$2:$J$143) - MIN($J$2:$J$143)) -> 14.031918 | M17: 2.524 | N17: 0.06 | O17: 4.7 | P17: 0.95 | Q17: =IFERROR(M17*P17*0.05+N17*0.05+O17*0.9,0) -> 4.35289 | R17: =100*(Q17-MIN($Q$2:$Q$143))/(MAX($Q$2:$Q$143) - MIN($Q$2:$Q$143)) -> 79.619871 | T17: =IFERROR(__xludf.DUMMYFUNCTION("iferror(PERCENTRANK.INC(FILTER($Q$2:$Q$428, $O$2:$O$428<3.75), $Q17), 1)"),1.0) -> 1 | U17: =IFERROR(__xludf.DUMMYFUNCTION("iferror(PERCENTRANK.INC(FILTER($Q$2:$Q$428, $O$2:$O$428<4.25), $Q17), 1)"),1.0) -> 1 | V17: =IFERROR(__xludf.DUMMYFUNCTION("iferror(PERCENTRANK.INC(FILTER($Q$2:$Q$428, $O$2:$O$428>=4.1), $Q17), 0.01)"),0.351) -> 0.351
A18: Jaylen Jennings | B18: ARKAPB | C18: 25 | D18: HB | E18: SWAC | F18: 136 | G18: 688 | H18: 5.1 | I18: 9 | J18: 4.088 | K18: =100*(J18-MIN($J$2:$J$143))/(MAX($J$2:$J$143) - MIN($J$2:$J$143)) -> 37.579042 | M18: 4.088 | N18: 10 | O18: 4.05 | P18: 0.9 | Q18: =IFERROR(M18*P18*0.05+N18*0.05+O18*0.9,0) -> 4.32896 | R18: =100*(Q18-MIN($Q$2:$Q$143))/(MAX($Q$2:$Q$143) - MIN($Q$2:$Q$143)) -> 79.182161 | T18: =IFERROR(__xludf.DUMMYFUNCTION("iferror(PERCENTRANK.INC(FILTER($Q$2:$Q$428, $O$2:$O$428<3.75), $Q18), 1)"),1.0) -> 1 | U18: =IFERROR(__xludf.DUMMYFUNCTION("iferror(PERCENTRANK.INC(FILTER($Q$2:$Q$428, $O$2:$O$428<4.25), $Q18), 1)"),1.0) -> 1 | V18: =IFERROR(__xludf.DUMMYFUNCTION("iferror(PERCENTRANK.INC(FILTER($Q$2:$Q$428, $O$2:$O$428>=4.1), $Q18), 0.01)"),0.339) -> 0.339
A19: Lucky Sutton | B19: S DIEGO ST | C19: 7 | D19: HB | E19: MWC | F19: 173 | G19: 901 | H19: 5.2 | I19: 8 | J19: 4.632 | K19: =100*(J19-MIN($J$2:$J$143))/(MAX($J$2:$J$143) - MIN($J$2:$J$143)) -> 45.769347 | M19: 4.632 | N19: 2.77 | O19: 4.38 | P19: 0.95 | Q19: =IFERROR(M19*P19*0.05+N19*0.05+O19*0.9,0) -> 4.30052 | R19: =100*(Q19-MIN($Q$2:$Q$143))/(MAX($Q$2:$Q$143) - MIN($Q$2:$Q$143)) -> 78.661957 | T19: =IFERROR(__xludf.DUMMYFUNCTION("iferror(PERCENTRANK.INC(FILTER($Q$2:$Q$428, $O$2:$O$428<3.75), $Q19), 1)"),1.0) -> 1 | U19: =IFERROR(__xludf.DUMMYFUNCTION("iferror(PERCENTRANK.INC(FILTER($Q$2:$Q$428, $O$2:$O$428<4.25), $Q19), 1)"),0.999) -> 0.999 | V19: =IFERROR(__xludf.DUMMYFUNCTION("iferror(PERCENTRANK.INC(FILTER($Q$2:$Q$428, $O$2:$O$428>=4.1), $Q19), 0.01)"),0.324) -> 0.324
A20: Landan Brown | B20: SM HOUSTON | C20: 34 | D20: HB | E20: C-USA | F20: 59 | G20: 302 | H20: 5.1 | I20: 2 | J20: 2.014 | K20: =100*(J20-MIN($J$2:$J$143))/(MAX($J$2:$J$143) - MIN($J$2:$J$143)) -> 6.353508 | M20: 2.014 | N20: 5.41 | O20: 4.32 | P20: 0.95 | Q20: =IFERROR(M20*P20*0.05+N20*0.05+O20*0.9,0) -> 4.254165 | R20: =100*(Q20-MIN($Q$2:$Q$143))/(MAX($Q$2:$Q$143) - MIN($Q$2:$Q$143)) -> 77.814066 | T20: =IFERROR(__xludf.DUMMYFUNCTION("iferror(PERCENTRANK.INC(FILTER($Q$2:$Q$428, $O$2:$O$428<3.75), $Q20), 1)"),1.0) -> 1 | U20: =IFERROR(__xludf.DUMMYFUNCTION("iferror(PERCENTRANK.INC(FILTER($Q$2:$Q$428, $O$2:$O$428<4.25), $Q20), 1)"),0.997) -> 0.997 | V20: =IFERROR(__xludf.DUMMYFUNCTION("iferror(PERCENTRANK.INC(FILTER($Q$2:$Q$428, $O$2:$O$428>=4.1), $Q20), 0.01)"),0.297) -> 0.297
A21: Nick Herman | B21: DRAKE | C21: 29 | D21: HB | E21: Pioneer | F21: 88 | G21: 558 | H21: 6.3 | I21: 4 | J21: 3.132 | K21: =100*(J21-MIN($J$2:$J$143))/(MAX($J$2:$J$143) - MIN($J$2:$J$143)) -> 23.185787 | M21: 3.132 | N21: 3.12 | O21: 4.38 | P21: 0.9 | Q21: =IFERROR(M21*P21*0.05+N21*0.05+O21*0.9,0) -> 4.23894 | R21: =100*(Q21-MIN($Q$2:$Q$143))/(MAX($Q$2:$Q$143) - MIN($Q$2:$Q$143)) -> 77.535581 | T21: =IFERROR(__xludf.DUMMYFUNCTION("iferror(PERCENTRANK.INC(FILTER($Q$2:$Q$428, $O$2:$O$428<3.75), $Q21), 1)"),1.0) -> 1 | U21: =IFERROR(__xludf.DUMMYFUNCTION("iferror(PERCENTRANK.INC(FILTER($Q$2:$Q$428, $O$2:$O$428<4.25), $Q21), 1)"),0.997) -> 0.997 | V21: =IFERROR(__xludf.DUMMYFUNCTION("iferror(PERCENTRANK.INC(FILTER($Q$2:$Q$428, $O$2:$O$428>=4.1), $Q21), 0.01)"),0.27) -> 0.27
A22: Terron Kellman | B22: WYOMING | C22: 5 | D22: HB | E22: MWC | F22: 62 | G22: 326 | H22: 5.3 | I22: 4 | J22: 2.352 | K22: =100*(J22-MIN($J$2:$J$143))/(MAX($J$2:$J$143) - MIN($J$2:$J$143)) -> 11.442337 | M22: 2.352 | N22: 3.56 | O22: 4.38 | P22: 0.95 | Q22: =IFERROR(M22*P22*0.05+N22*0.05+O22*0.9,0) -> 4.23172 | R22: =100*(Q22-MIN($Q$2:$Q$143))/(MAX($Q$2:$Q$143) - MIN($Q$2:$Q$143)) -> 77.403518 | T22: =IFERROR(__xludf.DUMMYFUNCTION("iferror(PERCENTRANK.INC(FILTER($Q$2:$Q$428, $O$2:$O$428<3.75), $Q22), 1)"),1.0) -> 1 | U22: =IFERROR(__xludf.DUMMYFUNCTION("iferror(PERCENTRANK.INC(FILTER($Q$2:$Q$428, $O$2:$O$428<4.25), $Q22), 1)"),0.996) -> 0.996 | V22: =IFERROR(__xludf.DUMMYFUNCTION("iferror(PERCENTRANK.INC(FILTER($Q$2:$Q$428, $O$2:$O$428>=4.1), $Q22), 0.01)"),0.243) -> 0.243
A23: Gerald Modest | B23: WOFFORD | C23: 6 | D23: HB | E23: Southern | F23: 97 | G23: 410 | H23: 4.2 | I23: 2 | J23: 2.314 | K23: =100*(J23-MIN($J$2:$J$143))/(MAX($J$2:$J$143) - MIN($J$2:$J$143)) -> 10.87022 | M23: 2.31 | N23: 1.65 | O23: 3.41 | P23: 0.95 | Q23: =IFERROR(M23*P23*0.05+N23*0.05+O23*0.9,0) -> 3.261225 | R23: =100*(Q23-MIN($Q$2:$Q$143))/(MAX($Q$2:$Q$143) - MIN($Q$2:$Q$143)) -> 59.651935 | T23: =IFERROR(__xludf.DUMMYFUNCTION("iferror(PERCENTRANK.INC(FILTER($Q$2:$Q$428, $O$2:$O$428<3.75), $Q23), 1)"),0.922) -> 0.922 | U23: =IFERROR(__xludf.DUMMYFUNCTION("iferror(PERCENTRANK.INC(FILTER($Q$2:$Q$428, $O$2:$O$428<4.25), $Q23), 1)"),0.806) -> 0.806 | V23: =IFERROR(__xludf.DUMMYFUNCTION("iferror(PERCENTRANK.INC(FILTER($Q$2:$Q$428, $O$2:$O$428>=4.1), $Q23), 0.01)"),0.021) -> 0.021
A24: Rayshon Luke | B24: FRESNO ST | C24: 2 | D24: HB | E24: MWC | F24: 84 | G24: 525 | H24: 6.3 | I24: 5 | J24: 3.162 | K24: =100*(J24-MIN($J$2:$J$143))/(MAX($J$2:$J$143) - MIN($J$2:$J$143)) -> 23.637459 | M24: 3.162 | N24: 1.86 | O24: 4.43 | P24: 0.95 | Q24: =IFERROR(M24*P24*0.05+N24*0.05+O24*0.9,0) -> 4.230195 | R24: =100*(Q24-MIN($Q$2:$Q$143))/(MAX($Q$2:$Q$143) - MIN($Q$2:$Q$143)) -> 77.375624 | T24: =IFERROR(__xludf.DUMMYFUNCTION("iferror(PERCENTRANK.INC(FILTER($Q$2:$Q$428, $O$2:$O$428<3.75), $Q24), 1)"),1.0) -> 1 | U24: =IFERROR(__xludf.DUMMYFUNCTION("iferror(PERCENTRANK.INC(FILTER($Q$2:$Q$428, $O$2:$O$428<4.25), $Q24), 1)"),0.996) -> 0.996 | V24: =IFERROR(__xludf.DUMMYFUNCTION("iferror(PERCENTRANK.INC(FILTER($Q$2:$Q$428, $O$2:$O$428>=4.1), $Q24), 0.01)"),0.216) -> 0.216
A25: Clay Thevenin | B25: LA TECH | C25: 4 | D25: HB | E25: C-USA | F25: 97 | G25: 525 | H25: 5.4 | I25: 8 | J25: 3.456 | K25: =100*(J25-MIN($J$2:$J$143))/(MAX($J$2:$J$143) - MIN($J$2:$J$143)) -> 28.063836 | M25: 3.456 | N25: 1.92 | O25: 4.38 | P25: 0.95 | Q25: =IFERROR(M25*P25*0.05+N25*0.05+O25*0.9,0) -> 4.20216 | R25: =100*(Q25-MIN($Q$2:$Q$143))/(MAX($Q$2:$Q$143) - MIN($Q$2:$Q$143)) -> 76.862828 | T25: =IFERROR(__xludf.DUMMYFUNCTION("iferror(PERCENTRANK.INC(FILTER($Q$2:$Q$428, $O$2:$O$428<3.75), $Q25), 1)"),1.0) -> 1 | U25: =IFERROR(__xludf.DUMMYFUNCTION("iferror(PERCENTRANK.INC(FILTER($Q$2:$Q$428, $O$2:$O$428<4.25), $Q25), 1)"),0.995) -> 0.995 | V25: =IFERROR(__xludf.DUMMYFUNCTION("iferror(PERCENTRANK.INC(FILTER($Q$2:$Q$428, $O$2:$O$428>=4.1), $Q25), 0.01)"),0.189) -> 0.189
A26: Wayne Knight | B26: JAMES MAD | C26: 3 | D26: HB | E26: Sun Belt | F26: 120 | G26: 746 | H26: 6.2 | I26: 6 | J26: 3.924 | K26: =100*(J26-MIN($J$2:$J$143))/(MAX($J$2:$J$143) - MIN($J$2:$J$143)) -> 35.109907 | M26: 3.924 | N26: 0.94 | O26: 4.38 | P26: 0.95 | Q26: =IFERROR(M26*P26*0.05+N26*0.05+O26*0.9,0) -> 4.17539 | R26: =100*(Q26-MIN($Q$2:$Q$143))/(MAX($Q$2:$Q$143) - MIN($Q$2:$Q$143)) -> 76.373171 | T26: =IFERROR(__xludf.DUMMYFUNCTION("iferror(PERCENTRANK.INC(FILTER($Q$2:$Q$428, $O$2:$O$428<3.75), $Q26), 1)"),1.0) -> 1 | U26: =IFERROR(__xludf.DUMMYFUNCTION("iferror(PERCENTRANK.INC(FILTER($Q$2:$Q$428, $O$2:$O$428<4.25), $Q26), 1)"),0.994) -> 0.994 | V26: =IFERROR(__xludf.DUMMYFUNCTION("iferror(PERCENTRANK.INC(FILTER($Q$2:$Q$428, $O$2:$O$428>=4.1), $Q26), 0.01)"),0.135) -> 0.135
A27: Makenzie McGill II | B27: N TEXAS | C27: 0 | D27: HB | E27: The American | F27: 75 | G27: 389 | H27: 5.2 | I27: 5 | J27: 2.66 | K27: =100*(J27-MIN($J$2:$J$143))/(MAX($J$2:$J$143) - MIN($J$2:$J$143)) -> 16.079494 | M27: 2.66 | N27: 0.38 | O27: 4.43 | P27: 0.95 | Q27: =IFERROR(M27*P27*0.05+N27*0.05+O27*0.9,0) -> 4.13235 | R27: =100*(Q27-MIN($Q$2:$Q$143))/(MAX($Q$2:$Q$143) - MIN($Q$2:$Q$143)) -> 75.585915 | T27: =IFERROR(__xludf.DUMMYFUNCTION("iferror(PERCENTRANK.INC(FILTER($Q$2:$Q$428, $O$2:$O$428<3.75), $Q27), 1)"),1.0) -> 1 | U27: =IFERROR(__xludf.DUMMYFUNCTION("iferror(PERCENTRANK.INC(FILTER($Q$2:$Q$428, $O$2:$O$428<4.25), $Q27), 1)"),0.993) -> 0.993 | V27: =IFERROR(__xludf.DUMMYFUNCTION("iferror(PERCENTRANK.INC(FILTER($Q$2:$Q$428, $O$2:$O$428>=4.1), $Q27), 0.01)"),0.108) -> 0.108
A28: Sutton Smith | B28: MEMPHIS | C28: 5 | D28: HB | E28: The American | F28: 90 | G28: 535 | H28: 5.9 | I28: 6 | J28: 3.274 | K28: =100*(J28-MIN($J$2:$J$143))/(MAX($J$2:$J$143) - MIN($J$2:$J$143)) -> 25.323698 | M28: 3.274 | N28: 0.39 | O28: 4.38 | P28: 0.95 | Q28: =IFERROR(M28*P28*0.05+N28*0.05+O28*0.9,0) -> 4.117015 | R28: =100*(Q28-MIN($Q$2:$Q$143))/(MAX($Q$2:$Q$143) - MIN($Q$2:$Q$143)) -> 75.305418 | T28: =IFERROR(__xludf.DUMMYFUNCTION("iferror(PERCENTRANK.INC(FILTER($Q$2:$Q$428, $O$2:$O$428<3.75), $Q28), 1)"),1.0) -> 1 | U28: =IFERROR(__xludf.DUMMYFUNCTION("iferror(PERCENTRANK.INC(FILTER($Q$2:$Q$428, $O$2:$O$428<4.25), $Q28), 1)"),0.992) -> 0.992 | V28: =IFERROR(__xludf.DUMMYFUNCTION("iferror(PERCENTRANK.INC(FILTER($Q$2:$Q$428, $O$2:$O$428>=4.1), $Q28), 0.01)"),0.081) -> 0.081
A29: Scottre Humphrey | B29: NEW MEXICO | C29: 22 | D29: HB | E29: MWC | F29: 77 | G29: 350 | H29: 4.5 | I29: 5 | J29: 2.482 | K29: =100*(J29-MIN($J$2:$J$143))/(MAX($J$2:$J$143) - MIN($J$2:$J$143)) -> 13.399578 | M29: 2.482 | N29: 5.47 | O29: 4.08 | P29: 0.95 | Q29: =IFERROR(M29*P29*0.05+N29*0.05+O29*0.9,0) -> 4.063395 | R29: =100*(Q29-MIN($Q$2:$Q$143))/(MAX($Q$2:$Q$143) - MIN($Q$2:$Q$143)) -> 74.324641 | T29: =IFERROR(__xludf.DUMMYFUNCTION("iferror(PERCENTRANK.INC(FILTER($Q$2:$Q$428, $O$2:$O$428<3.75), $Q29), 1)"),1.0) -> 1 | U29: =IFERROR(__xludf.DUMMYFUNCTION("iferror(PERCENTRANK.INC(FILTER($Q$2:$Q$428, $O$2:$O$428<4.25), $Q29), 1)"),0.99) -> 0.99 | V29: =IFERROR(__xludf.DUMMYFUNCTION("iferror(PERCENTRANK.INC(FILTER($Q$2:$Q$428, $O$2:$O$428>=4.1), $Q29), 0.01)"),0.031) -> 0.031
A30: Kente Edwards | B30: LAFAYETTE | C30: 26 | D30: HB | E30: Patriot | F30: 137 | G30: 1049 | H30: 7.7 | I30: 15 | J30: 5.952 | K30: =100*(J30-MIN($J$2:$J$143))/(MAX($J$2:$J$143) - MIN($J$2:$J$143)) -> 65.642879 | M30: 5.952 | N30: 8.66 | O30: 3.73 | P30: 0.9 | Q30: =IFERROR(M30*P30*0.05+N30*0.05+O30*0.9,0) -> 4.05784 | R30: =100*(Q30-MIN($Q$2:$Q$143))/(MAX($Q$2:$Q$143) - MIN($Q$2:$Q$143)) -> 74.223033 | T30: =IFERROR(__xludf.DUMMYFUNCTION("iferror(PERCENTRANK.INC(FILTER($Q$2:$Q$428, $O$2:$O$428<3.75), $Q30), 1)"),1.0) -> 1 | U30: =IFERROR(__xludf.DUMMYFUNCTION("iferror(PERCENTRANK.INC(FILTER($Q$2:$Q$428, $O$2:$O$428<4.25), $Q30), 1)"),0.981) -> 0.981 | V30: =IFERROR(__xludf.DUMMYFUNCTION("iferror(PERCENTRANK.INC(FILTER($Q$2:$Q$428, $O$2:$O$428>=4.1), $Q30), 0.01)"),0.027) -> 0.027
A31: Will Henderson III | B31: UTSA | C31: 23 | D31: HB | E31: The American | F31: 70 | G31: 448 | H31: 6.4 | I31: 3 | J31: 2.7 | K31: =100*(J31-MIN($J$2:$J$143))/(MAX($J$2:$J$143) - MIN($J$2:$J$143)) -> 16.681722 | M31: 2.7 | N31: 0.83 | O31: 4.32 | P31: 0.95 | Q31: =IFERROR(M31*P31*0.05+N31*0.05+O31*0.9,0) -> 4.05775 | R31: =100*(Q31-MIN($Q$2:$Q$143))/(MAX($Q$2:$Q$143) - MIN($Q$2:$Q$143)) -> 74.221387 | T31: =IFERROR(__xludf.DUMMYFUNCTION("iferror(PERCENTRANK.INC(FILTER($Q$2:$Q$428, $O$2:$O$428<3.75), $Q31), 1)"),1.0) -> 1 | U31: =IFERROR(__xludf.DUMMYFUNCTION("iferror(PERCENTRANK.INC(FILTER($Q$2:$Q$428, $O$2:$O$428<4.25), $Q31), 1)"),0.981) -> 0.981 | V31: =IFERROR(__xludf.DUMMYFUNCTION("iferror(PERCENTRANK.INC(FILTER($Q$2:$Q$428, $O$2:$O$428>=4.1), $Q31), 0.01)"),0.027) -> 0.027
A32: London Montgomery | B32: E CAROLINA | C32: 7 | D32: HB | E32: The American | F32: 103 | G32: 532 | H32: 5.2 | I32: 5 | J32: 3.114 | K32: =100*(J32-MIN($J$2:$J$143))/(MAX($J$2:$J$143) - MIN($J$2:$J$143)) -> 22.914785 | M32: 3.114 | N32: 3.6 | O32: 4.05 | P32: 0.95 | Q32: =IFERROR(M32*P32*0.05+N32*0.05+O32*0.9,0) -> 3.972915 | R32: =100*(Q32-MIN($Q$2:$Q$143))/(MAX($Q$2:$Q$143) - MIN($Q$2:$Q$143)) -> 72.669647 | T32: =IFERROR(__xludf.DUMMYFUNCTION("iferror(PERCENTRANK.INC(FILTER($Q$2:$Q$428, $O$2:$O$428<3.75), $Q32), 1)"),0.997) -> 0.997 | U32: =IFERROR(__xludf.DUMMYFUNCTION("iferror(PERCENTRANK.INC(FILTER($Q$2:$Q$428, $O$2:$O$428<4.25), $Q32), 1)"),0.961) -> 0.961 | V32: =IFERROR(__xludf.DUMMYFUNCTION("iferror(PERCENTRANK.INC(FILTER($Q$2:$Q$428, $O$2:$O$428>=4.1), $Q32), 0.01)"),0.026) -> 0.026
A33: Solomon Beebe | B33: UAB | C33: 11 | D33: HB | E33: The American | F33: 39 | G33: 295 | H33: 7.6 | I33: 5 | J33: 2.64 | K33: =100*(J33-MIN($J$2:$J$143))/(MAX($J$2:$J$143) - MIN($J$2:$J$143)) -> 15.77838 | M33: 2.64 | N33: 3.13 | O33: 4.05 | P33: 0.95 | Q33: =IFERROR(M33*P33*0.05+N33*0.05+O33*0.9,0) -> 3.9269 | R33: =100*(Q33-MIN($Q$2:$Q$143))/(MAX($Q$2:$Q$143) - MIN($Q$2:$Q$143)) -> 71.827974 | T33: =IFERROR(__xludf.DUMMYFUNCTION("iferror(PERCENTRANK.INC(FILTER($Q$2:$Q$428, $O$2:$O$428<3.75), $Q33), 1)"),0.996) -> 0.996 | U33: =IFERROR(__xludf.DUMMYFUNCTION("iferror(PERCENTRANK.INC(FILTER($Q$2:$Q$428, $O$2:$O$428<4.25), $Q33), 1)"),0.951) -> 0.951 | V33: =IFERROR(__xludf.DUMMYFUNCTION("iferror(PERCENTRANK.INC(FILTER($Q$2:$Q$428, $O$2:$O$428>=4.1), $Q33), 0.01)"),0.026) -> 0.026
A34: Jabari Bates | B34: S JOSE ST | C34: 6 | D34: HB | E34: MWC | F34: 27 | G34: 192 | H34: 7.1 | I34: 2 | J34: 1.922 | K34: =100*(J34-MIN($J$2:$J$143))/(MAX($J$2:$J$143) - MIN($J$2:$J$143)) -> 4.968383 | M34: 1.922 | N34: 3.36 | O34: 4.05 | P34: 0.95 | Q34: =IFERROR(M34*P34*0.05+N34*0.05+O34*0.9,0) -> 3.904295 | R34: =100*(Q34-MIN($Q$2:$Q$143))/(MAX($Q$2:$Q$143) - MIN($Q$2:$Q$143)) -> 71.4145 | T34: =IFERROR(__xludf.DUMMYFUNCTION("iferror(PERCENTRANK.INC(FILTER($Q$2:$Q$428, $O$2:$O$428<3.75), $Q34), 1)"),0.995) -> 0.995 | U34: =IFERROR(__xludf.DUMMYFUNCTION("iferror(PERCENTRANK.INC(FILTER($Q$2:$Q$428, $O$2:$O$428<4.25), $Q34), 1)"),0.932) -> 0.932 | V34: =IFERROR(__xludf.DUMMYFUNCTION("iferror(PERCENTRANK.INC(FILTER($Q$2:$Q$428, $O$2:$O$428>=4.1), $Q34), 0.01)"),0.026) -> 0.026
A35: Marlon Gunn Jr. | B35: E CAROLINA | C35: 21 | D35: HB | E35: The American | F35: 71 | G35: 325 | H35: 4.6 | I35: 4 | J35: 2.292 | K35: =100*(J35-MIN($J$2:$J$143))/(MAX($J$2:$J$143) - MIN($J$2:$J$143)) -> 10.538994 | M35: 2.292 | N35: 2.6 | O35: 4 | P35: 0.95 | Q35: =IFERROR(M35*P35*0.05+N35*0.05+O35*0.9,0) -> 3.83887 | R35: =100*(Q35-MIN($Q$2:$Q$143))/(MAX($Q$2:$Q$143) - MIN($Q$2:$Q$143)) -> 70.217794 | T35: =IFERROR(__xludf.DUMMYFUNCTION("iferror(PERCENTRANK.INC(FILTER($Q$2:$Q$428, $O$2:$O$428<3.75), $Q35), 1)"),0.993) -> 0.993 | U35: =IFERROR(__xludf.DUMMYFUNCTION("iferror(PERCENTRANK.INC(FILTER($Q$2:$Q$428, $O$2:$O$428<4.25), $Q35), 1)"),0.922) -> 0.922 | V35: =IFERROR(__xludf.DUMMYFUNCTION("iferror(PERCENTRANK.INC(FILTER($Q$2:$Q$428, $O$2:$O$428>=4.1), $Q35), 0.01)"),0.025) -> 0.025
A36: Jalen Dupree | B36: COLO STATE | C36: 2 | D36: HB | E36: MWC | F36: 103 | G36: 511 | H36: 5 | I36: 2 | J36: 2.68 | K36: =100*(J36-MIN($J$2:$J$143))/(MAX($J$2:$J$143) - MIN($J$2:$J$143)) -> 16.380608 | M36: 2.68 | N36: 0.85 | O36: 4.05 | P36: 0.95 | Q36: =IFERROR(M36*P36*0.05+N36*0.05+O36*0.9,0) -> 3.8148 | R36: =100*(Q36-MIN($Q$2:$Q$143))/(MAX($Q$2:$Q$143) - MIN($Q$2:$Q$143)) -> 69.777523 | T36: =IFERROR(__xludf.DUMMYFUNCTION("iferror(PERCENTRANK.INC(FILTER($Q$2:$Q$428, $O$2:$O$428<3.75), $Q36), 1)"),0.992) -> 0.992 | U36: =IFERROR(__xludf.DUMMYFUNCTION("iferror(PERCENTRANK.INC(FILTER($Q$2:$Q$428, $O$2:$O$428<4.25), $Q36), 1)"),0.913) -> 0.913 | V36: =IFERROR(__xludf.DUMMYFUNCTION("iferror(PERCENTRANK.INC(FILTER($Q$2:$Q$428, $O$2:$O$428>=4.1), $Q36), 0.01)"),0.025) -> 0.025
A37: Trequan Jones | B37: DOMINION | C37: 20 | D37: HB | E37: Sun Belt | F37: 68 | G37: 543 | H37: 8 | I37: 4 | J37: 3.254 | K37: =100*(J37-MIN($J$2:$J$143))/(MAX($J$2:$J$143) - MIN($J$2:$J$143)) -> 25.022584 | M37: 3.254 | N37: 10 | O37: 3.42 | P37: 0.95 | Q37: =IFERROR(M37*P37*0.05+N37*0.05+O37*0.9,0) -> 3.732565 | R37: =100*(Q37-MIN($Q$2:$Q$143))/(MAX($Q$2:$Q$143) - MIN($Q$2:$Q$143)) -> 68.273341 | T37: =IFERROR(__xludf.DUMMYFUNCTION("iferror(PERCENTRANK.INC(FILTER($Q$2:$Q$428, $O$2:$O$428<3.75), $Q37), 1)"),0.989) -> 0.989 | U37: =IFERROR(__xludf.DUMMYFUNCTION("iferror(PERCENTRANK.INC(FILTER($Q$2:$Q$428, $O$2:$O$428<4.25), $Q37), 1)"),0.903) -> 0.903 | V37: =IFERROR(__xludf.DUMMYFUNCTION("iferror(PERCENTRANK.INC(FILTER($Q$2:$Q$428, $O$2:$O$428>=4.1), $Q37), 0.01)"),0.025) -> 0.025
A38: Kaden Shields-Dutton | B38: FAU | C38: 28 | D38: HB | E38: The American | F38: 57 | G38: 306 | H38: 5.4 | I38: 4 | J38: 2.298 | K38: =100*(J38-MIN($J$2:$J$143))/(MAX($J$2:$J$143) - MIN($J$2:$J$143)) -> 10.629329 | M38: 2.298 | N38: 0.38 | O38: 4 | P38: 0.95 | Q38: =IFERROR(M38*P38*0.05+N38*0.05+O38*0.9,0) -> 3.728155 | R38: =100*(Q38-MIN($Q$2:$Q$143))/(MAX($Q$2:$Q$143) - MIN($Q$2:$Q$143)) -> 68.192677 | T38: =IFERROR(__xludf.DUMMYFUNCTION("iferror(PERCENTRANK.INC(FILTER($Q$2:$Q$428, $O$2:$O$428<3.75), $Q38), 1)"),0.989) -> 0.989 | U38: =IFERROR(__xludf.DUMMYFUNCTION("iferror(PERCENTRANK.INC(FILTER($Q$2:$Q$428, $O$2:$O$428<4.25), $Q38), 1)"),0.893) -> 0.893 | V38: =IFERROR(__xludf.DUMMYFUNCTION("iferror(PERCENTRANK.INC(FILTER($Q$2:$Q$428, $O$2:$O$428>=4.1), $Q38), 0.01)"),0.025) -> 0.025
A39: Jordan Gant | B39: AKRON | C39: 22 | D39: HB | E39: MAC | F39: 168 | G39: 847 | H39: 5 | I39: 5 | J39: 4.102 | K39: =100*(J39-MIN($J$2:$J$143))/(MAX($J$2:$J$143) - MIN($J$2:$J$143)) -> 37.789822 | M39: 4.102 | N39: 0.32 | O39: 3.79 | P39: 0.95 | Q39: =IFERROR(M39*P39*0.05+N39*0.05+O39*0.9,0) -> 3.621845 | R39: =100*(Q39-MIN($Q$2:$Q$143))/(MAX($Q$2:$Q$143) - MIN($Q$2:$Q$143)) -> 66.248132 | T39: =IFERROR(__xludf.DUMMYFUNCTION("iferror(PERCENTRANK.INC(FILTER($Q$2:$Q$428, $O$2:$O$428<3.75), $Q39), 1)"),0.98) -> 0.98 | U39: =IFERROR(__xludf.DUMMYFUNCTION("iferror(PERCENTRANK.INC(FILTER($Q$2:$Q$428, $O$2:$O$428<4.25), $Q39), 1)"),0.864) -> 0.864 | V39: =IFERROR(__xludf.DUMMYFUNCTION("iferror(PERCENTRANK.INC(FILTER($Q$2:$Q$428, $O$2:$O$428>=4.1), $Q39), 0.01)"),0.024) -> 0.024
A40: Maurki James | B40: DOMINION | C40: 5 | D40: HB | E40: Sun Belt | F40: 57 | G40: 237 | H40: 4.2 | I40: 2 | J40: 1.728 | K40: =100*(J40-MIN($J$2:$J$143))/(MAX($J$2:$J$143) - MIN($J$2:$J$143)) -> 2.047576 | M40: 1.728 | N40: 10 | O40: 3.35 | P40: 0.95 | Q40: =IFERROR(M40*P40*0.05+N40*0.05+O40*0.9,0) -> 3.59708 | R40: =100*(Q40-MIN($Q$2:$Q$143))/(MAX($Q$2:$Q$143) - MIN($Q$2:$Q$143)) -> 65.795149 | T40: =IFERROR(__xludf.DUMMYFUNCTION("iferror(PERCENTRANK.INC(FILTER($Q$2:$Q$428, $O$2:$O$428<3.75), $Q40), 1)"),0.978) -> 0.978 | U40: =IFERROR(__xludf.DUMMYFUNCTION("iferror(PERCENTRANK.INC(FILTER($Q$2:$Q$428, $O$2:$O$428<4.25), $Q40), 1)"),0.854) -> 0.854 | V40: =IFERROR(__xludf.DUMMYFUNCTION("iferror(PERCENTRANK.INC(FILTER($Q$2:$Q$428, $O$2:$O$428>=4.1), $Q40), 0.01)"),0.024) -> 0.024
A41: Ja'Vin Simpkins | B41: COAST CAR | C41: 5 | D41: HB | E41: Sun Belt | F41: 87 | G41: 523 | H41: 6 | I41: 2 | J41: 2.768 | K41: =100*(J41-MIN($J$2:$J$143))/(MAX($J$2:$J$143) - MIN($J$2:$J$143)) -> 17.70551 | M41: 2.768 | N41: 0.8 | O41: 3.73 | P41: 0.95 | Q41: =IFERROR(M41*P41*0.05+N41*0.05+O41*0.9,0) -> 3.52848 | R41: =100*(Q41-MIN($Q$2:$Q$143))/(MAX($Q$2:$Q$143) - MIN($Q$2:$Q$143)) -> 64.540368 | T41: =IFERROR(__xludf.DUMMYFUNCTION("iferror(PERCENTRANK.INC(FILTER($Q$2:$Q$428, $O$2:$O$428<3.75), $Q41), 1)"),0.956) -> 0.956 | U41: =IFERROR(__xludf.DUMMYFUNCTION("iferror(PERCENTRANK.INC(FILTER($Q$2:$Q$428, $O$2:$O$428<4.25), $Q41), 1)"),0.835) -> 0.835 | V41: =IFERROR(__xludf.DUMMYFUNCTION("iferror(PERCENTRANK.INC(FILTER($Q$2:$Q$428, $O$2:$O$428>=4.1), $Q41), 0.01)"),0.023) -> 0.023
A42: Anthony Carrie | B42: FIU | C42: 6 | D42: HB | E42: C-USA | F42: 72 | G42: 368 | H42: 5.1 | I42: 4 | J42: 2.464 | K42: =100*(J42-MIN($J$2:$J$143))/(MAX($J$2:$J$143) - MIN($J$2:$J$143)) -> 13.128576 | M42: 2.464 | N42: 0.76 | O42: 3.73 | P42: 0.95 | Q42: =IFERROR(M42*P42*0.05+N42*0.05+O42*0.9,0) -> 3.51204 | R42: =100*(Q42-MIN($Q$2:$Q$143))/(MAX($Q$2:$Q$143) - MIN($Q$2:$Q$143)) -> 64.239659 | T42: =IFERROR(__xludf.DUMMYFUNCTION("iferror(PERCENTRANK.INC(FILTER($Q$2:$Q$428, $O$2:$O$428<3.75), $Q42), 1)"),0.944) -> 0.944 | U42: =IFERROR(__xludf.DUMMYFUNCTION("iferror(PERCENTRANK.INC(FILTER($Q$2:$Q$428, $O$2:$O$428<4.25), $Q42), 1)"),0.825) -> 0.825 | V42: =IFERROR(__xludf.DUMMYFUNCTION("iferror(PERCENTRANK.INC(FILTER($Q$2:$Q$428, $O$2:$O$428>=4.1), $Q42), 0.01)"),0.023) -> 0.023
A43: Lamar Sperling | B43: BUFFALO | C43: 41 | D43: HB | E43: MAC | F43: 34 | G43: 202 | H43: 5.9 | I43: 1 | J43: 1.672 | K43: =100*(J43-MIN($J$2:$J$143))/(MAX($J$2:$J$143) - MIN($J$2:$J$143)) -> 1.2044565 | M43: 1.672 | N43: 4.53 | O43: 3.41 | P43: 0.95 | Q43: =IFERROR(M43*P43*0.05+N43*0.05+O43*0.9,0) -> 3.37492 | R43: =100*(Q43-MIN($Q$2:$Q$143))/(MAX($Q$2:$Q$143) - MIN($Q$2:$Q$143)) -> 61.731561 | T43: =IFERROR(__xludf.DUMMYFUNCTION("iferror(PERCENTRANK.INC(FILTER($Q$2:$Q$428, $O$2:$O$428<3.75), $Q43), 1)"),0.933) -> 0.933 | U43: =IFERROR(__xludf.DUMMYFUNCTION("iferror(PERCENTRANK.INC(FILTER($Q$2:$Q$428, $O$2:$O$428<4.25), $Q43), 1)"),0.816) -> 0.816 | V43: =IFERROR(__xludf.DUMMYFUNCTION("iferror(PERCENTRANK.INC(FILTER($Q$2:$Q$428, $O$2:$O$428>=4.1), $Q43), 0.01)"),0.022) -> 0.022
A44: Quinton Jackson | B44: RICE | C44: 10 | D44: HB | E44: The American | F44: 148 | G44: 762 | H44: 5.2 | I44: 6 | J44: 3.964 | K44: =100*(J44-MIN($J$2:$J$143))/(MAX($J$2:$J$143) - MIN($J$2:$J$143)) -> 35.712135 | M44: 3.964 | N44: 2.74 | O44: 3.15 | P44: 0.95 | Q44: =IFERROR(M44*P44*0.05+N44*0.05+O44*0.9,0) -> 3.16029 | R44: =100*(Q44-MIN($Q$2:$Q$143))/(MAX($Q$2:$Q$143) - MIN($Q$2:$Q$143)) -> 57.805707 | T44: =IFERROR(__xludf.DUMMYFUNCTION("iferror(PERCENTRANK.INC(FILTER($Q$2:$Q$428, $O$2:$O$428<3.75), $Q44), 1)"),0.911) -> 0.911 | U44: =IFERROR(__xludf.DUMMYFUNCTION("iferror(PERCENTRANK.INC(FILTER($Q$2:$Q$428, $O$2:$O$428<4.25), $Q44), 1)"),0.796) -> 0.796 | V44: =IFERROR(__xludf.DUMMYFUNCTION("iferror(PERCENTRANK.INC(FILTER($Q$2:$Q$428, $O$2:$O$428>=4.1), $Q44), 0.01)"),0.021) -> 0.021
A45: DJ Gordon | B45: HARVARD | C45: 18 | D45: HB | E45: Ivy | F45: 65 | G45: 354 | H45: 5.5 | I45: 5 | J45: 2.578 | K45: =100*(J45-MIN($J$2:$J$143))/(MAX($J$2:$J$143) - MIN($J$2:$J$143)) -> 14.844926 | M45: 2.578 | N45: 3.05 | O45: 3.09 | P45: 0.9 | Q45: =IFERROR(M45*P45*0.05+N45*0.05+O45*0.9,0) -> 3.04951 | R45: =100*(Q45-MIN($Q$2:$Q$143))/(MAX($Q$2:$Q$143) - MIN($Q$2:$Q$143)) -> 55.7794 | T45: =IFERROR(__xludf.DUMMYFUNCTION("iferror(PERCENTRANK.INC(FILTER($Q$2:$Q$428, $O$2:$O$428<3.75), $Q45), 1)"),0.878) -> 0.878 | U45: =IFERROR(__xludf.DUMMYFUNCTION("iferror(PERCENTRANK.INC(FILTER($Q$2:$Q$428, $O$2:$O$428<4.25), $Q45), 1)"),0.767) -> 0.767 | V45: =IFERROR(__xludf.DUMMYFUNCTION("iferror(PERCENTRANK.INC(FILTER($Q$2:$Q$428, $O$2:$O$428>=4.1), $Q45), 0.01)"),0.02) -> 0.02
A46: Brock Townsend | B46: C MICHIGAN | C46: 22 | D46: HB | E46: MAC | F46: 53 | G46: 288 | H46: 5.4 | I46: 2 | J46: 1.998 | K46: =100*(J46-MIN($J$2:$J$143))/(MAX($J$2:$J$143) - MIN($J$2:$J$143)) -> 6.1126167 | M46: 1.998 | N46: 3.44 | O46: 2.83 | P46: 0.95 | Q46: =IFERROR(M46*P46*0.05+N46*0.05+O46*0.9,0) -> 2.813905 | R46: =100*(Q46-MIN($Q$2:$Q$143))/(MAX($Q$2:$Q$143) - MIN($Q$2:$Q$143)) -> 51.469886 | T46: =IFERROR(__xludf.DUMMYFUNCTION("iferror(PERCENTRANK.INC(FILTER($Q$2:$Q$428, $O$2:$O$428<3.75), $Q46), 1)"),0.867) -> 0.867 | U46: =IFERROR(__xludf.DUMMYFUNCTION("iferror(PERCENTRANK.INC(FILTER($Q$2:$Q$428, $O$2:$O$428<4.25), $Q46), 1)"),0.757) -> 0.757 | V46: =IFERROR(__xludf.DUMMYFUNCTION("iferror(PERCENTRANK.INC(FILTER($Q$2:$Q$428, $O$2:$O$428>=4.1), $Q46), 0.01)"),0.018) -> 0.018
A47: Trent Battle | B47: TCU | C47: 6 | D47: HB | E47: Big 12 | F47: 60 | G47: 335 | H47: 5.6 | I47: 6 | J47: 2.646 | K47: =100*(J47-MIN($J$2:$J$143))/(MAX($J$2:$J$143) - MIN($J$2:$J$143)) -> 15.868714 | M47: 2.646 | N47: 10 | P47: 1 | Q47: =IFERROR(M47*P47*0.05+N47*0.05+O47*0.9,0) -> 0.6323 | R47: =100*(Q47-MIN($Q$2:$Q$143))/(MAX($Q$2:$Q$143) - MIN($Q$2:$Q$143)) -> 11.565568 | T47: =IFERROR(__xludf.DUMMYFUNCTION("iferror(PERCENTRANK.INC(FILTER($Q$2:$Q$428, $O$2:$O$428<3.75), $Q47), 1)"),0.856) -> 0.856 | U47: =IFERROR(__xludf.DUMMYFUNCTION("iferror(PERCENTRANK.INC(FILTER($Q$2:$Q$428, $O$2:$O$428<4.25), $Q47), 1)"),0.748) -> 0.748 | V47: =IFERROR(__xludf.DUMMYFUNCTION("iferror(PERCENTRANK.INC(FILTER($Q$2:$Q$428, $O$2:$O$428>=4.1), $Q47), 0.01)"),0.003) -> 0.003
A48: EJ Oakmon | B48: TXAMCO | C48: 6 | D48: HB | E48: Southland | F48: 63 | G48: 263 | H48: 4.2 | I48: 7 | J48: 2.416 | K48: =100*(J48-MIN($J$2:$J$143))/(MAX($J$2:$J$143) - MIN($J$2:$J$143)) -> 12.405902 | M48: 2.416 | N48: 10 | P48: 0.9 | Q48: =IFERROR(M48*P48*0.05+N48*0.05+O48*0.9,0) -> 0.60872 | R48: =100*(Q48-MIN($Q$2:$Q$143))/(MAX($Q$2:$Q$143) - MIN($Q$2:$Q$143)) -> 11.13426 | T48: =IFERROR(__xludf.DUMMYFUNCTION("iferror(PERCENTRANK.INC(FILTER($Q$2:$Q$428, $O$2:$O$428<3.75), $Q48), 1)"),0.844) -> 0.844 | U48: =IFERROR(__xludf.DUMMYFUNCTION("iferror(PERCENTRANK.INC(FILTER($Q$2:$Q$428, $O$2:$O$428<4.25), $Q48), 1)"),0.738) -> 0.738 | V48: =IFERROR(__xludf.DUMMYFUNCTION("iferror(PERCENTRANK.INC(FILTER($Q$2:$Q$428, $O$2:$O$428>=4.1), $Q48), 0.01)"),0.003) -> 0.003
A49: Chris Johnson Jr. | B49: SMU | C49: 6 | D49: HB | E49: ACC | F49: 48 | G49: 334 | H49: 7 | I49: 3 | J49: 2.436 | K49: =100*(J49-MIN($J$2:$J$143))/(MAX($J$2:$J$143) - MIN($J$2:$J$143)) -> 12.707016 | M49: 2.436 | N49: 7.58 | P49: 1 | Q49: =IFERROR(M49*P49*0.05+N49*0.05+O49*0.9,0) -> 0.5008 | R49: =100*(Q49-MIN($Q$2:$Q$143))/(MAX($Q$2:$Q$143) - MIN($Q$2:$Q$143)) -> 9.1602662 | T49: =IFERROR(__xludf.DUMMYFUNCTION("iferror(PERCENTRANK.INC(FILTER($Q$2:$Q$428, $O$2:$O$428<3.75), $Q49), 1)"),0.833) -> 0.833 | U49: =IFERROR(__xludf.DUMMYFUNCTION("iferror(PERCENTRANK.INC(FILTER($Q$2:$Q$428, $O$2:$O$428<4.25), $Q49), 1)"),0.728) -> 0.728 | V49: =IFERROR(__xludf.DUMMYFUNCTION("iferror(PERCENTRANK.INC(FILTER($Q$2:$Q$428, $O$2:$O$428>=4.1), $Q49), 0.01)"),0.002) -> 0.002
A50: Xavier Robinson | B50: OKLAHOMA | C50: 24 | D50: HB | E50: SEC | F50: 51 | G50: 318 | H50: 6.2 | I50: 4 | J50: 2.414 | K50: =100*(J50-MIN($J$2:$J$143))/(MAX($J$2:$J$143) - MIN($J$2:$J$143)) -> 12.37579 | M50: 2.414 | N50: 6.52 | P50: 1 | Q50: =IFERROR(M50*P50*0.05+N50*0.05+O50*0.9,0) -> 0.4467 | R50: =100*(Q50-MIN($Q$2:$Q$143))/(MAX($Q$2:$Q$143) - MIN($Q$2:$Q$143)) -> 8.1707087 | T50: =IFERROR(__xludf.DUMMYFUNCTION("iferror(PERCENTRANK.INC(FILTER($Q$2:$Q$428, $O$2:$O$428<3.75), $Q50), 1)"),0.822) -> 0.822 | U50: =IFERROR(__xludf.DUMMYFUNCTION("iferror(PERCENTRANK.INC(FILTER($Q$2:$Q$428, $O$2:$O$428<4.25), $Q50), 1)"),0.718) -> 0.718 | V50: =IFERROR(__xludf.DUMMYFUNCTION("iferror(PERCENTRANK.INC(FILTER($Q$2:$Q$428, $O$2:$O$428>=4.1), $Q50), 0.01)"),0.001) -> 0.001
A51: L.J. Phillips Jr. | B51: S DAKOTA | C51: 24 | D51: HB | E51: Missouri Valley | F51: 237 | G51: 1483 | H51: 6.3 | I51: 14 | J51: 7.076 | K51: =100*(J51-MIN($J$2:$J$143))/(MAX($J$2:$J$143) - MIN($J$2:$J$143)) -> 82.565492 | M51: 7.076 | N51: 2.22 | O51: 4.96 | P51: 0.9 | Q51: =IFERROR(M51*P51*0.05+N51*0.05+O51*0.9,0) -> 4.89342 | R51: =100*(Q51-MIN($Q$2:$Q$143))/(MAX($Q$2:$Q$143) - MIN($Q$2:$Q$143)) -> 89.506849 | T51: =IFERROR(__xludf.DUMMYFUNCTION("iferror(PERCENTRANK.INC(FILTER($Q$2:$Q$428, $O$2:$O$428<3.75), $Q51), 1)"),1.0) -> 1 | U51: =IFERROR(__xludf.DUMMYFUNCTION("iferror(PERCENTRANK.INC(FILTER($Q$2:$Q$428, $O$2:$O$428<4.25), $Q51), 1)"),1.0) -> 1 | V51: =IFERROR(__xludf.DUMMYFUNCTION("iferror(PERCENTRANK.INC(FILTER($Q$2:$Q$428, $O$2:$O$428>=4.1), $Q51), 0.01)"),0.757) -> 0.757
A52: Joshua Dye | B52: SO UTAH | C52: 28 | D52: HB | E52: United Athletic | F52: 240 | G52: 1557 | H52: 6.5 | I52: 22 | J52: 8.234 | K52: =100*(J52-MIN($J$2:$J$143))/(MAX($J$2:$J$143) - MIN($J$2:$J$143)) -> 100 | M52: 8.234 | N52: 0.98 | O52: 4.38 | P52: 0.9 | Q52: =IFERROR(M52*P52*0.05+N52*0.05+O52*0.9,0) -> 4.36153 | R52: =100*(Q52-MIN($Q$2:$Q$143))/(MAX($Q$2:$Q$143) - MIN($Q$2:$Q$143)) -> 79.777907 | T52: =IFERROR(__xludf.DUMMYFUNCTION("iferror(PERCENTRANK.INC(FILTER($Q$2:$Q$428, $O$2:$O$428<3.75), $Q52), 1)"),1.0) -> 1 | U52: =IFERROR(__xludf.DUMMYFUNCTION("iferror(PERCENTRANK.INC(FILTER($Q$2:$Q$428, $O$2:$O$428<4.25), $Q52), 1)"),1.0) -> 1 | V52: =IFERROR(__xludf.DUMMYFUNCTION("iferror(PERCENTRANK.INC(FILTER($Q$2:$Q$428, $O$2:$O$428>=4.1), $Q52), 0.01)"),0.378) -> 0.378
A53: Rodney Nelson | B53: MONMOUTH | C53: 20 | D53: HB | E53: CAA | F53: 256 | G53: 1572 | H53: 6.1 | I53: 15 | J53: 7.456 | K53: =100*(J53-MIN($J$2:$J$143))/(MAX($J$2:$J$143) - MIN($J$2:$J$143)) -> 88.286661 | M53: 7.456 | N53: 0.93 | O53: 4.05 | P53: 0.9 | Q53: =IFERROR(M53*P53*0.05+N53*0.05+O53*0.9,0) -> 4.02702 | R53: =100*(Q53-MIN($Q$2:$Q$143))/(MAX($Q$2:$Q$143) - MIN($Q$2:$Q$143)) -> 73.659296 | T53: =IFERROR(__xludf.DUMMYFUNCTION("iferror(PERCENTRANK.INC(FILTER($Q$2:$Q$428, $O$2:$O$428<3.75), $Q53), 1)"),0.999) -> 0.999 | U53: =IFERROR(__xludf.DUMMYFUNCTION("iferror(PERCENTRANK.INC(FILTER($Q$2:$Q$428, $O$2:$O$428<4.25), $Q53), 1)"),0.971) -> 0.971 | V53: =IFERROR(__xludf.DUMMYFUNCTION("iferror(PERCENTRANK.INC(FILTER($Q$2:$Q$428, $O$2:$O$428>=4.1), $Q53), 0.01)"),0.027) -> 0.027
A54: Harlem Berry | B54: LSU | C54: 22 | D54: HB | E54: SEC | F54: 60 | G54: 284 | H54: 4.7 | I54: 2 | J54: 1.92 | K54: =100*(J54-MIN($J$2:$J$143))/(MAX($J$2:$J$143) - MIN($J$2:$J$143)) -> 4.9382716 | M54: 1.92 | N54: 4.66 | P54: 1 | Q54: =IFERROR(M54*P54*0.05+N54*0.05+O54*0.9,0) -> 0.329 | R54: =100*(Q54-MIN($Q$2:$Q$143))/(MAX($Q$2:$Q$143) - MIN($Q$2:$Q$143)) -> 6.0178267 | T54: =IFERROR(__xludf.DUMMYFUNCTION("iferror(PERCENTRANK.INC(FILTER($Q$2:$Q$428, $O$2:$O$428<3.75), $Q54), 1)"),0.811) -> 0.811 | U54: =IFERROR(__xludf.DUMMYFUNCTION("iferror(PERCENTRANK.INC(FILTER($Q$2:$Q$428, $O$2:$O$428<4.25), $Q54), 1)"),0.709) -> 0.709 | V54: =IFERROR(__xludf.DUMMYFUNCTION("iferror(PERCENTRANK.INC(FILTER($Q$2:$Q$428, $O$2:$O$428>=4.1), $Q54), 0.01)"),0.001) -> 0.001
A55: Landen Chambers | B55: CENT ARK | C55: 0 | D55: HB | E55: United Athletic | F55: 215 | G55: 1150 | H55: 5.3 | I55: 8 | J55: 5.398 | K55: =100*(J55-MIN($J$2:$J$143))/(MAX($J$2:$J$143) - MIN($J$2:$J$143)) -> 57.302017 | M55: 5.398 | N55: 1.38 | O55: 5.28 | P55: 0.9 | Q55: =IFERROR(M55*P55*0.05+N55*0.05+O55*0.9,0) -> 5.06391 | R55: =100*(Q55-MIN($Q$2:$Q$143))/(MAX($Q$2:$Q$143) - MIN($Q$2:$Q$143)) -> 92.625327 | T55: =IFERROR(__xludf.DUMMYFUNCTION("iferror(PERCENTRANK.INC(FILTER($Q$2:$Q$428, $O$2:$O$428<3.75), $Q55), 1)"),1.0) -> 1 | U55: =IFERROR(__xludf.DUMMYFUNCTION("iferror(PERCENTRANK.INC(FILTER($Q$2:$Q$428, $O$2:$O$428<4.25), $Q55), 1)"),1.0) -> 1 | V55: =IFERROR(__xludf.DUMMYFUNCTION("iferror(PERCENTRANK.INC(FILTER($Q$2:$Q$428, $O$2:$O$428>=4.1), $Q55), 0.01)"),0.892) -> 0.892
A56: James Jones | B56: DELWARE ST | C56: 21 | D56: HB | E56: MEAC | F56: 84 | G56: 827 | H56: 9.8 | I56: 10 | J56: 4.926 | K56: =100*(J56-MIN($J$2:$J$143))/(MAX($J$2:$J$143) - MIN($J$2:$J$143)) -> 50.195724 | M56: 4.926 | N56: 1.75 | P56: 0.9 | Q56: =IFERROR(M56*P56*0.05+N56*0.05+O56*0.9,0) -> 0.30917 | R56: =100*(Q56-MIN($Q$2:$Q$143))/(MAX($Q$2:$Q$143) - MIN($Q$2:$Q$143)) -> 5.6551109 | T56: =IFERROR(__xludf.DUMMYFUNCTION("iferror(PERCENTRANK.INC(FILTER($Q$2:$Q$428, $O$2:$O$428<3.75), $Q56), 1)"),0.8) -> 0.8 | U56: =IFERROR(__xludf.DUMMYFUNCTION("iferror(PERCENTRANK.INC(FILTER($Q$2:$Q$428, $O$2:$O$428<4.25), $Q56), 1)"),0.699) -> 0.699 | V56: =IFERROR(__xludf.DUMMYFUNCTION("iferror(PERCENTRANK.INC(FILTER($Q$2:$Q$428, $O$2:$O$428>=4.1), $Q56), 0.01)"),0.001) -> 0.001
A57: Eli Gillman | B57: MONTANA | C57: 10 | D57: HB | E57: Big Sky | F57: 169 | G57: 1055 | H57: 6.2 | I57: 14 | J57: 5.796 | K57: =100*(J57-MIN($J$2:$J$143))/(MAX($J$2:$J$143) - MIN($J$2:$J$143)) -> 63.294188 | M57: 5.796 | N57: 0.66 | O57: 4.32 | P57: 0.9 | Q57: =IFERROR(M57*P57*0.05+N57*0.05+O57*0.9,0) -> 4.18182 | R57: =100*(Q57-MIN($Q$2:$Q$143))/(MAX($Q$2:$Q$143) - MIN($Q$2:$Q$143)) -> 76.490784 | T57: =IFERROR(__xludf.DUMMYFUNCTION("iferror(PERCENTRANK.INC(FILTER($Q$2:$Q$428, $O$2:$O$428<3.75), $Q57), 1)"),1.0) -> 1 | U57: =IFERROR(__xludf.DUMMYFUNCTION("iferror(PERCENTRANK.INC(FILTER($Q$2:$Q$428, $O$2:$O$428<4.25), $Q57), 1)"),0.995) -> 0.995 | V57: =IFERROR(__xludf.DUMMYFUNCTION("iferror(PERCENTRANK.INC(FILTER($Q$2:$Q$428, $O$2:$O$428>=4.1), $Q57), 0.01)"),0.162) -> 0.162
A58: Jayvian Allen | B58: N ALABAMA | C58: 6 | D58: HB | E58: United Athletic | F58: 132 | G58: 679 | H58: 5.1 | I58: 7 | J58: 3.806 | K58: =100*(J58-MIN($J$2:$J$143))/(MAX($J$2:$J$143) - MIN($J$2:$J$143)) -> 33.333333 | M58: 3.806 | N58: 2.4 | P58: 0.9 | Q58: =IFERROR(M58*P58*0.05+N58*0.05+O58*0.9,0) -> 0.29127 | R58: =100*(Q58-MIN($Q$2:$Q$143))/(MAX($Q$2:$Q$143) - MIN($Q$2:$Q$143)) -> 5.3276972 | T58: =IFERROR(__xludf.DUMMYFUNCTION("iferror(PERCENTRANK.INC(FILTER($Q$2:$Q$428, $O$2:$O$428<3.75), $Q58), 1)"),0.789) -> 0.789 | U58: =IFERROR(__xludf.DUMMYFUNCTION("iferror(PERCENTRANK.INC(FILTER($Q$2:$Q$428, $O$2:$O$428<4.25), $Q58), 1)"),0.689) -> 0.689 | V58: =IFERROR(__xludf.DUMMYFUNCTION("iferror(PERCENTRANK.INC(FILTER($Q$2:$Q$428, $O$2:$O$428>=4.1), $Q58), 0.01)"),0.0) -> 0
A59: Luke Yoder | B59: LEHIGH | C59: 6 | D59: HB | E59: Patriot | F59: 155 | G59: 1102 | H59: 7.1 | I59: 11 | J59: 5.59 | K59: =100*(J59-MIN($J$2:$J$143))/(MAX($J$2:$J$143) - MIN($J$2:$J$143)) -> 60.192713 | M59: 5.59 | N59: 0.65 | O59: 4.9 | P59: 0.9 | Q59: =IFERROR(M59*P59*0.05+N59*0.05+O59*0.9,0) -> 4.69405 | R59: =100*(Q59-MIN($Q$2:$Q$143))/(MAX($Q$2:$Q$143) - MIN($Q$2:$Q$143)) -> 85.860119 | T59: =IFERROR(__xludf.DUMMYFUNCTION("iferror(PERCENTRANK.INC(FILTER($Q$2:$Q$428, $O$2:$O$428<3.75), $Q59), 1)"),1.0) -> 1 | U59: =IFERROR(__xludf.DUMMYFUNCTION("iferror(PERCENTRANK.INC(FILTER($Q$2:$Q$428, $O$2:$O$428<4.25), $Q59), 1)"),1.0) -> 1 | V59: =IFERROR(__xludf.DUMMYFUNCTION("iferror(PERCENTRANK.INC(FILTER($Q$2:$Q$428, $O$2:$O$428>=4.1), $Q59), 0.01)"),0.622) -> 0.622
A60: David Avit | B60: VILLANOVA | C60: 24 | D60: HB | E60: CAA | F60: 125 | G60: 713 | H60: 5.7 | I60: 8 | J60: 4.048 | K60: =100*(J60-MIN($J$2:$J$143))/(MAX($J$2:$J$143) - MIN($J$2:$J$143)) -> 36.976814 | M60: 4.048 | N60: 1.89 | O60: 4.05 | P60: 0.9 | Q60: =IFERROR(M60*P60*0.05+N60*0.05+O60*0.9,0) -> 3.92166 | R60: =100*(Q60-MIN($Q$2:$Q$143))/(MAX($Q$2:$Q$143) - MIN($Q$2:$Q$143)) -> 71.732128 | T60: =IFERROR(__xludf.DUMMYFUNCTION("iferror(PERCENTRANK.INC(FILTER($Q$2:$Q$428, $O$2:$O$428<3.75), $Q60), 1)"),0.995) -> 0.995 | U60: =IFERROR(__xludf.DUMMYFUNCTION("iferror(PERCENTRANK.INC(FILTER($Q$2:$Q$428, $O$2:$O$428<4.25), $Q60), 1)"),0.942) -> 0.942 | V60: =IFERROR(__xludf.DUMMYFUNCTION("iferror(PERCENTRANK.INC(FILTER($Q$2:$Q$428, $O$2:$O$428>=4.1), $Q60), 0.01)"),0.026) -> 0.026
A61: Ness Davis | B61: DUQUESNE | C61: 32 | D61: HB | E61: Northeast | F61: 116 | G61: 716 | H61: 6.2 | I61: 2 | J61: 3.36 | K61: =100*(J61-MIN($J$2:$J$143))/(MAX($J$2:$J$143) - MIN($J$2:$J$143)) -> 26.618488 | M61: 3.36 | N61: 2.43 | P61: 0.9 | Q61: =IFERROR(M61*P61*0.05+N61*0.05+O61*0.9,0) -> 0.2727 | R61: =100*(Q61-MIN($Q$2:$Q$143))/(MAX($Q$2:$Q$143) - MIN($Q$2:$Q$143)) -> 4.9880284 | T61: =IFERROR(__xludf.DUMMYFUNCTION("iferror(PERCENTRANK.INC(FILTER($Q$2:$Q$428, $O$2:$O$428<3.75), $Q61), 1)"),0.778) -> 0.778 | U61: =IFERROR(__xludf.DUMMYFUNCTION("iferror(PERCENTRANK.INC(FILTER($Q$2:$Q$428, $O$2:$O$428<4.25), $Q61), 1)"),0.68) -> 0.68 | V61: =IFERROR(__xludf.DUMMYFUNCTION("iferror(PERCENTRANK.INC(FILTER($Q$2:$Q$428, $O$2:$O$428>=4.1), $Q61), 0.01)"),0.0) -> 0
A62: Justin Montgomery | B62: PRESBYTERN | C62: 25 | D62: HB | E62: Pioneer | F62: 93 | G62: 672 | H62: 7.2 | I62: 6 | J62: 3.774 | K62: =100*(J62-MIN($J$2:$J$143))/(MAX($J$2:$J$143) - MIN($J$2:$J$143)) -> 32.851551 | M62: 3.774 | N62: 2.05 | O62: 5.02 | P62: 0.9 | Q62: =IFERROR(M62*P62*0.05+N62*0.05+O62*0.9,0) -> 4.79033 | R62: =100*(Q62-MIN($Q$2:$Q$143))/(MAX($Q$2:$Q$143) - MIN($Q$2:$Q$143)) -> 87.621202 | T62: =IFERROR(__xludf.DUMMYFUNCTION("iferror(PERCENTRANK.INC(FILTER($Q$2:$Q$428, $O$2:$O$428<3.75), $Q62), 1)"),1.0) -> 1 | U62: =IFERROR(__xludf.DUMMYFUNCTION("iferror(PERCENTRANK.INC(FILTER($Q$2:$Q$428, $O$2:$O$428<4.25), $Q62), 1)"),1.0) -> 1 | V62: =IFERROR(__xludf.DUMMYFUNCTION("iferror(PERCENTRANK.INC(FILTER($Q$2:$Q$428, $O$2:$O$428>=4.1), $Q62), 0.01)"),0.676) -> 0.676
A63: O'Shawn Ross Jr. | B63: LIUSHAR | C63: 5 | D63: HB | E63: Northeast | F63: 138 | G63: 755 | H63: 5.5 | I63: 2 | J63: 3.458 | K63: =100*(J63-MIN($J$2:$J$143))/(MAX($J$2:$J$143) - MIN($J$2:$J$143)) -> 28.093948 | M63: 3.458 | N63: 2.28 | O63: 3.09 | P63: 0.9 | Q63: =IFERROR(M63*P63*0.05+N63*0.05+O63*0.9,0) -> 3.05061 | R63: =100*(Q63-MIN($Q$2:$Q$143))/(MAX($Q$2:$Q$143) - MIN($Q$2:$Q$143)) -> 55.79952 | T63: =IFERROR(__xludf.DUMMYFUNCTION("iferror(PERCENTRANK.INC(FILTER($Q$2:$Q$428, $O$2:$O$428<3.75), $Q63), 1)"),0.889) -> 0.889 | U63: =IFERROR(__xludf.DUMMYFUNCTION("iferror(PERCENTRANK.INC(FILTER($Q$2:$Q$428, $O$2:$O$428<4.25), $Q63), 1)"),0.777) -> 0.777 | V63: =IFERROR(__xludf.DUMMYFUNCTION("iferror(PERCENTRANK.INC(FILTER($Q$2:$Q$428, $O$2:$O$428>=4.1), $Q63), 0.01)"),0.02) -> 0.02
A64: Dylan Riley | B64: BOISE ST | C64: 24 | D64: HB | E64: MWC | F64: 103 | G64: 753 | H64: 7.3 | I64: 7 | J64: 4.132 | K64: =100*(J64-MIN($J$2:$J$143))/(MAX($J$2:$J$143) - MIN($J$2:$J$143)) -> 38.241494 | M64: 4.132 | N64: 1.43 | P64: 0.95 | Q64: =IFERROR(M64*P64*0.05+N64*0.05+O64*0.9,0) -> 0.26777 | R64: =100*(Q64-MIN($Q$2:$Q$143))/(MAX($Q$2:$Q$143) - MIN($Q$2:$Q$143)) -> 4.8978524 | T64: =IFERROR(__xludf.DUMMYFUNCTION("iferror(PERCENTRANK.INC(FILTER($Q$2:$Q$428, $O$2:$O$428<3.75), $Q64), 1)"),0.767) -> 0.767 | U64: =IFERROR(__xludf.DUMMYFUNCTION("iferror(PERCENTRANK.INC(FILTER($Q$2:$Q$428, $O$2:$O$428<4.25), $Q64), 1)"),0.67) -> 0.67 | V64: =IFERROR(__xludf.DUMMYFUNCTION("iferror(PERCENTRANK.INC(FILTER($Q$2:$Q$428, $O$2:$O$428>=4.1), $Q64), 0.01)"),0.0) -> 0
A65: Quran Gossett | B65: N ARIZONA | C65: 0 | D65: HB | E65: Big Sky | F65: 76 | G65: 380 | H65: 5 | I65: 8 | J65: 2.976 | K65: =100*(J65-MIN($J$2:$J$143))/(MAX($J$2:$J$143) - MIN($J$2:$J$143)) -> 20.837097 | M65: 2.976 | N65: 2.65 | P65: 0.9 | Q65: =IFERROR(M65*P65*0.05+N65*0.05+O65*0.9,0) -> 0.26642 | R65: =100*(Q65-MIN($Q$2:$Q$143))/(MAX($Q$2:$Q$143) - MIN($Q$2:$Q$143)) -> 4.8731592 | T65: =IFERROR(__xludf.DUMMYFUNCTION("iferror(PERCENTRANK.INC(FILTER($Q$2:$Q$428, $O$2:$O$428<3.75), $Q65), 1)"),0.756) -> 0.756 | U65: =IFERROR(__xludf.DUMMYFUNCTION("iferror(PERCENTRANK.INC(FILTER($Q$2:$Q$428, $O$2:$O$428<4.25), $Q65), 1)"),0.66) -> 0.66 | V65: =IFERROR(__xludf.DUMMYFUNCTION("iferror(PERCENTRANK.INC(FILTER($Q$2:$Q$428, $O$2:$O$428>=4.1), $Q65), 0.01)"),0.0) -> 0
A66: Jordon Davison | B66: OREGON | C66: 0 | D66: HB | E66: Big Ten | F66: 60 | G66: 407 | H66: 6.8 | I66: 10 | J66: 3.462 | K66: =100*(J66-MIN($J$2:$J$143))/(MAX($J$2:$J$143) - MIN($J$2:$J$143)) -> 28.15417 | M66: 3.462 | N66: 1.82 | P66: 1 | Q66: =IFERROR(M66*P66*0.05+N66*0.05+O66*0.9,0) -> 0.2641 | R66: =100*(Q66-MIN($Q$2:$Q$143))/(MAX($Q$2:$Q$143) - MIN($Q$2:$Q$143)) -> 4.8307235 | T66: =IFERROR(__xludf.DUMMYFUNCTION("iferror(PERCENTRANK.INC(FILTER($Q$2:$Q$428, $O$2:$O$428<3.75), $Q66), 1)"),0.744) -> 0.744 | U66: =IFERROR(__xludf.DUMMYFUNCTION("iferror(PERCENTRANK.INC(FILTER($Q$2:$Q$428, $O$2:$O$428<4.25), $Q66), 1)"),0.65) -> 0.65 | V66: =IFERROR(__xludf.DUMMYFUNCTION("iferror(PERCENTRANK.INC(FILTER($Q$2:$Q$428, $O$2:$O$428>=4.1), $Q66), 0.01)"),0.0) -> 0
A67: Jimmyll Williams | B67: ELON | C67: 26 | D67: HB | E67: CAA | F67: 75 | G67: 583 | H67: 7.8 | I67: 3 | J67: 3.224 | K67: =100*(J67-MIN($J$2:$J$143))/(MAX($J$2:$J$143) - MIN($J$2:$J$143)) -> 24.570912 | M67: 3.224 | N67: 2.09 | O67: 5.34 | P67: 0.9 | Q67: =IFERROR(M67*P67*0.05+N67*0.05+O67*0.9,0) -> 5.05558 | R67: =100*(Q67-MIN($Q$2:$Q$143))/(MAX($Q$2:$Q$143) - MIN($Q$2:$Q$143)) -> 92.472961 | T67: =IFERROR(__xludf.DUMMYFUNCTION("iferror(PERCENTRANK.INC(FILTER($Q$2:$Q$428, $O$2:$O$428<3.75), $Q67), 1)"),1.0) -> 1 | U67: =IFERROR(__xludf.DUMMYFUNCTION("iferror(PERCENTRANK.INC(FILTER($Q$2:$Q$428, $O$2:$O$428<4.25), $Q67), 1)"),1.0) -> 1 | V67: =IFERROR(__xludf.DUMMYFUNCTION("iferror(PERCENTRANK.INC(FILTER($Q$2:$Q$428, $O$2:$O$428>=4.1), $Q67), 0.01)"),0.865) -> 0.865
A68: Tre Page III | B68: TARLETON | C68: 0 | D68: HB | E68: United Athletic | F68: 115 | G68: 898 | H68: 7.8 | I68: 7 | J68: 4.574 | K68: =100*(J68-MIN($J$2:$J$143))/(MAX($J$2:$J$143) - MIN($J$2:$J$143)) -> 44.896116 | M68: 4.574 | N68: 0.8 | O68: 4.7 | P68: 0.9 | Q68: =IFERROR(M68*P68*0.05+N68*0.05+O68*0.9,0) -> 4.47583 | R68: =100*(Q68-MIN($Q$2:$Q$143))/(MAX($Q$2:$Q$143) - MIN($Q$2:$Q$143)) -> 81.868599 | T68: =IFERROR(__xludf.DUMMYFUNCTION("iferror(PERCENTRANK.INC(FILTER($Q$2:$Q$428, $O$2:$O$428<3.75), $Q68), 1)"),1.0) -> 1 | U68: =IFERROR(__xludf.DUMMYFUNCTION("iferror(PERCENTRANK.INC(FILTER($Q$2:$Q$428, $O$2:$O$428<4.25), $Q68), 1)"),1.0) -> 1 | V68: =IFERROR(__xludf.DUMMYFUNCTION("iferror(PERCENTRANK.INC(FILTER($Q$2:$Q$428, $O$2:$O$428>=4.1), $Q68), 0.01)"),0.514) -> 0.514
A69: Nick Osho | B69: INDIANA ST | C69: 9 | D69: HB | E69: Missouri Valley | F69: 97 | G69: 571 | H69: 5.9 | I69: 7 | J69: 3.508 | K69: =100*(J69-MIN($J$2:$J$143))/(MAX($J$2:$J$143) - MIN($J$2:$J$143)) -> 28.846733 | M69: 3.508 | N69: 1.71 | O69: 5.28 | P69: 0.9 | Q69: =IFERROR(M69*P69*0.05+N69*0.05+O69*0.9,0) -> 4.99536 | R69: =100*(Q69-MIN($Q$2:$Q$143))/(MAX($Q$2:$Q$143) - MIN($Q$2:$Q$143)) -> 91.371461 | T69: =IFERROR(__xludf.DUMMYFUNCTION("iferror(PERCENTRANK.INC(FILTER($Q$2:$Q$428, $O$2:$O$428<3.75), $Q69), 1)"),1.0) -> 1 | U69: =IFERROR(__xludf.DUMMYFUNCTION("iferror(PERCENTRANK.INC(FILTER($Q$2:$Q$428, $O$2:$O$428<4.25), $Q69), 1)"),1.0) -> 1 | V69: =IFERROR(__xludf.DUMMYFUNCTION("iferror(PERCENTRANK.INC(FILTER($Q$2:$Q$428, $O$2:$O$428>=4.1), $Q69), 0.01)"),0.811) -> 0.811
A70: Khamani Robinson | B70: BETH COOK | C70: 29 | D70: HB | E70: SWAC | F70: 78 | G70: 461 | H70: 5.9 | I70: 4 | J70: 2.814 | K70: =100*(J70-MIN($J$2:$J$143))/(MAX($J$2:$J$143) - MIN($J$2:$J$143)) -> 18.398073 | M70: 2.814 | N70: 2.32 | P70: 0.9 | Q70: =IFERROR(M70*P70*0.05+N70*0.05+O70*0.9,0) -> 0.24263 | R70: =100*(Q70-MIN($Q$2:$Q$143))/(MAX($Q$2:$Q$143) - MIN($Q$2:$Q$143)) -> 4.43801 | T70: =IFERROR(__xludf.DUMMYFUNCTION("iferror(PERCENTRANK.INC(FILTER($Q$2:$Q$428, $O$2:$O$428<3.75), $Q70), 1)"),0.733) -> 0.733 | U70: =IFERROR(__xludf.DUMMYFUNCTION("iferror(PERCENTRANK.INC(FILTER($Q$2:$Q$428, $O$2:$O$428<4.25), $Q70), 1)"),0.641) -> 0.641 | V70: =IFERROR(__xludf.DUMMYFUNCTION("iferror(PERCENTRANK.INC(FILTER($Q$2:$Q$428, $O$2:$O$428>=4.1), $Q70), 0.01)"),0.0) -> 0
A71: Jai'Den Thomas | B71: UNLV | C71: 9 | D71: HB | E71: MWC | F71: 106 | G71: 803 | H71: 7.6 | I71: 8 | J71: 4.418 | K71: =100*(J71-MIN($J$2:$J$143))/(MAX($J$2:$J$143) - MIN($J$2:$J$143)) -> 42.547425 | M71: 4.418 | N71: 0.65 | P71: 0.95 | Q71: =IFERROR(M71*P71*0.05+N71*0.05+O71*0.9,0) -> 0.242355 | R71: =100*(Q71-MIN($Q$2:$Q$143))/(MAX($Q$2:$Q$143) - MIN($Q$2:$Q$143)) -> 4.4329799 | T71: =IFERROR(__xludf.DUMMYFUNCTION("iferror(PERCENTRANK.INC(FILTER($Q$2:$Q$428, $O$2:$O$428<3.75), $Q71), 1)"),0.722) -> 0.722 | U71: =IFERROR(__xludf.DUMMYFUNCTION("iferror(PERCENTRANK.INC(FILTER($Q$2:$Q$428, $O$2:$O$428<4.25), $Q71), 1)"),0.631) -> 0.631 | V71: =IFERROR(__xludf.DUMMYFUNCTION("iferror(PERCENTRANK.INC(FILTER($Q$2:$Q$428, $O$2:$O$428>=4.1), $Q71), 0.01)"),0.0) -> 0
A72: Anthony Reagan Jr. | B72: HOWARD | C72: 2 | D72: HB | E72: MEAC | F72: 107 | G72: 594 | H72: 5.5 | I72: 7 | J72: 3.55 | K72: =100*(J72-MIN($J$2:$J$143))/(MAX($J$2:$J$143) - MIN($J$2:$J$143)) -> 29.479073 | M72: 3.55 | N72: 1.61 | P72: 0.9 | Q72: =IFERROR(M72*P72*0.05+N72*0.05+#REF!*0.9,0) -> 0 | R72: =100*(Q72-MIN($Q$2:$Q$143))/(MAX($Q$2:$Q$143) - MIN($Q$2:$Q$143)) -> 0 | T72: =IFERROR(__xludf.DUMMYFUNCTION("iferror(PERCENTRANK.INC(FILTER($Q$2:$Q$428, $O$2:$O$428<3.75), $Q72), 1)"),0.0) -> 0 | U72: =IFERROR(__xludf.DUMMYFUNCTION("iferror(PERCENTRANK.INC(FILTER($Q$2:$Q$428, $O$2:$O$428<4.25), $Q72), 1)"),0.0) -> 0 | V72: =IFERROR(__xludf.DUMMYFUNCTION("iferror(PERCENTRANK.INC(FILTER($Q$2:$Q$428, $O$2:$O$428>=4.1), $Q72), 0.01)"),0.01) -> 0.01
A73: Sawyer Seidl | B73: N DAKOTA | C73: 9 | D73: HB | E73: Missouri Valley | F73: 129 | G73: 720 | H73: 5.6 | I73: 10 | J73: 4.31 | K73: =100*(J73-MIN($J$2:$J$143))/(MAX($J$2:$J$143) - MIN($J$2:$J$143)) -> 40.921409 | M73: 4.31 | N73: 0.85 | O73: 4.32 | P73: 0.9 | Q73: =IFERROR(M73*P73*0.05+N73*0.05+O72*0.9,0) -> 0.23645 | R73: =100*(Q73-MIN($Q$2:$Q$143))/(MAX($Q$2:$Q$143) - MIN($Q$2:$Q$143)) -> 4.32497 | T73: =IFERROR(__xludf.DUMMYFUNCTION("iferror(PERCENTRANK.INC(FILTER($Q$2:$Q$428, $O$2:$O$428<3.75), $Q73), 1)"),0.719) -> 0.719 | U73: =IFERROR(__xludf.DUMMYFUNCTION("iferror(PERCENTRANK.INC(FILTER($Q$2:$Q$428, $O$2:$O$428<4.25), $Q73), 1)"),0.628) -> 0.628 | V73: =IFERROR(__xludf.DUMMYFUNCTION("iferror(PERCENTRANK.INC(FILTER($Q$2:$Q$428, $O$2:$O$428>=4.1), $Q73), 0.01)"),0.0) -> 0
A74: Makhilyn Young | B74: VANDERBILT | C74: 22 | D74: HB | E74: SEC | F74: 41 | G74: 396 | H74: 9.7 | I74: 5 | J74: 3.19 | K74: =100*(J74-MIN($J$2:$J$143))/(MAX($J$2:$J$143) - MIN($J$2:$J$143)) -> 24.059018 | M74: 3.19 | N74: 1.28 | P74: 1 | Q74: =IFERROR(M74*P74*0.05+N74*0.05+O74*0.9,0) -> 0.2235 | R74: =100*(Q74-MIN($Q$2:$Q$143))/(MAX($Q$2:$Q$143) - MIN($Q$2:$Q$143)) -> 4.0880981 | T74: =IFERROR(__xludf.DUMMYFUNCTION("iferror(PERCENTRANK.INC(FILTER($Q$2:$Q$428, $O$2:$O$428<3.75), $Q74), 1)"),0.711) -> 0.711 | U74: =IFERROR(__xludf.DUMMYFUNCTION("iferror(PERCENTRANK.INC(FILTER($Q$2:$Q$428, $O$2:$O$428<4.25), $Q74), 1)"),0.621) -> 0.621 | V74: =IFERROR(__xludf.DUMMYFUNCTION("iferror(PERCENTRANK.INC(FILTER($Q$2:$Q$428, $O$2:$O$428>=4.1), $Q74), 0.01)"),0.01) -> 0.01
A75: Jaden Green | B75: LEHIGH | C75: 0 | D75: HB | E75: Patriot | F75: 110 | G75: 709 | H75: 6.5 | I75: 7 | J75: 3.958 | K75: =100*(J75-MIN($J$2:$J$143))/(MAX($J$2:$J$143) - MIN($J$2:$J$143)) -> 35.621801 | M75: 3.958 | N75: 0.89 | P75: 0.9 | Q75: =IFERROR(M75*P75*0.05+N75*0.05+O75*0.9,0) -> 0.22261 | R75: =100*(Q75-MIN($Q$2:$Q$143))/(MAX($Q$2:$Q$143) - MIN($Q$2:$Q$143)) -> 4.0718188 | T75: =IFERROR(__xludf.DUMMYFUNCTION("iferror(PERCENTRANK.INC(FILTER($Q$2:$Q$428, $O$2:$O$428<3.75), $Q75), 1)"),0.7) -> 0.7 | U75: =IFERROR(__xludf.DUMMYFUNCTION("iferror(PERCENTRANK.INC(FILTER($Q$2:$Q$428, $O$2:$O$428<4.25), $Q75), 1)"),0.612) -> 0.612 | V75: =IFERROR(__xludf.DUMMYFUNCTION("iferror(PERCENTRANK.INC(FILTER($Q$2:$Q$428, $O$2:$O$428>=4.1), $Q75), 0.01)"),0.01) -> 0.01
A76: Danny Shaban | B76: COLGATE | C76: 21 | D76: HB | E76: Patriot | F76: 73 | G76: 392 | H76: 5.4 | I76: 5 | J76: 2.686 | K76: =100*(J76-MIN($J$2:$J$143))/(MAX($J$2:$J$143) - MIN($J$2:$J$143)) -> 16.470942 | M76: 2.686 | N76: 1.96 | P76: 0.9 | Q76: =IFERROR(M76*P76*0.05+N76*0.05+O76*0.9,0) -> 0.21887 | R76: =100*(Q76-MIN($Q$2:$Q$143))/(MAX($Q$2:$Q$143) - MIN($Q$2:$Q$143)) -> 4.0034095 | T76: =IFERROR(__xludf.DUMMYFUNCTION("iferror(PERCENTRANK.INC(FILTER($Q$2:$Q$428, $O$2:$O$428<3.75), $Q76), 1)"),0.689) -> 0.689 | U76: =IFERROR(__xludf.DUMMYFUNCTION("iferror(PERCENTRANK.INC(FILTER($Q$2:$Q$428, $O$2:$O$428<4.25), $Q76), 1)"),0.602) -> 0.602 | V76: =IFERROR(__xludf.DUMMYFUNCTION("iferror(PERCENTRANK.INC(FILTER($Q$2:$Q$428, $O$2:$O$428>=4.1), $Q76), 0.01)"),0.01) -> 0.01
A77: Quintell Quinn | B77: TENN TECH | C77: 28 | D77: HB | E77: Big South - OVC Football Association | F77: 90 | G77: 675 | H77: 7.5 | I77: 9 | J77: 4.17 | K77: =100*(J77-MIN($J$2:$J$143))/(MAX($J$2:$J$143) - MIN($J$2:$J$143)) -> 38.81361 | M77: 4.17 | N77: 0.62 | P77: 0.9 | Q77: =IFERROR(M77*P77*0.05+N77*0.05+O77*0.9,0) -> 0.21865 | R77: =100*(Q77-MIN($Q$2:$Q$143))/(MAX($Q$2:$Q$143) - MIN($Q$2:$Q$143)) -> 3.9993854 | T77: =IFERROR(__xludf.DUMMYFUNCTION("iferror(PERCENTRANK.INC(FILTER($Q$2:$Q$428, $O$2:$O$428<3.75), $Q77), 1)"),0.678) -> 0.678 | U77: =IFERROR(__xludf.DUMMYFUNCTION("iferror(PERCENTRANK.INC(FILTER($Q$2:$Q$428, $O$2:$O$428<4.25), $Q77), 1)"),0.592) -> 0.592 | V77: =IFERROR(__xludf.DUMMYFUNCTION("iferror(PERCENTRANK.INC(FILTER($Q$2:$Q$428, $O$2:$O$428>=4.1), $Q77), 0.01)"),0.01) -> 0.01
A78: Trey Holly | B78: SOUTHERN U | C78: 6 | D78: HB | E78: SWAC | F78: 154 | G78: 762 | H78: 5 | I78: 7 | J78: 4.088 | K78: =100*(J78-MIN($J$2:$J$143))/(MAX($J$2:$J$143) - MIN($J$2:$J$143)) -> 37.579042 | M78: 4.088 | N78: 0.57 | P78: 0.9 | Q78: =IFERROR(M78*P78*0.05+N78*0.05+O78*0.9,0) -> 0.21246 | R78: =100*(Q78-MIN($Q$2:$Q$143))/(MAX($Q$2:$Q$143) - MIN($Q$2:$Q$143)) -> 3.8861625 | T78: =IFERROR(__xludf.DUMMYFUNCTION("iferror(PERCENTRANK.INC(FILTER($Q$2:$Q$428, $O$2:$O$428<3.75), $Q78), 1)"),0.667) -> 0.667 | U78: =IFERROR(__xludf.DUMMYFUNCTION("iferror(PERCENTRANK.INC(FILTER($Q$2:$Q$428, $O$2:$O$428<4.25), $Q78), 1)"),0.583) -> 0.583 | V78: =IFERROR(__xludf.DUMMYFUNCTION("iferror(PERCENTRANK.INC(FILTER($Q$2:$Q$428, $O$2:$O$428>=4.1), $Q78), 0.01)"),0.01) -> 0.01
A79: Khobie Martin | B79: INDIANA | C79: 28 | D79: HB | E79: Big Ten | F79: 52 | G79: 369 | H79: 7.1 | I79: 5 | J79: 2.786 | K79: =100*(J79-MIN($J$2:$J$143))/(MAX($J$2:$J$143) - MIN($J$2:$J$143)) -> 17.976513 | M79: 2.786 | N79: 1.34 | P79: 1 | Q79: =IFERROR(M79*P79*0.05+N79*0.05+O79*0.9,0) -> 0.2063 | R79: =100*(Q79-MIN($Q$2:$Q$143))/(MAX($Q$2:$Q$143) - MIN($Q$2:$Q$143)) -> 3.7734883 | T79: =IFERROR(__xludf.DUMMYFUNCTION("iferror(PERCENTRANK.INC(FILTER($Q$2:$Q$428, $O$2:$O$428<3.75), $Q79), 1)"),0.656) -> 0.656 | U79: =IFERROR(__xludf.DUMMYFUNCTION("iferror(PERCENTRANK.INC(FILTER($Q$2:$Q$428, $O$2:$O$428<4.25), $Q79), 1)"),0.573) -> 0.573 | V79: =IFERROR(__xludf.DUMMYFUNCTION("iferror(PERCENTRANK.INC(FILTER($Q$2:$Q$428, $O$2:$O$428>=4.1), $Q79), 0.01)"),0.01) -> 0.01
A80: Ahmad Miller | B80: JACKSON ST | C80: 27 | D80: HB | E80: SWAC | F80: 100 | G80: 710 | H80: 7.1 | I80: 4 | J80: 3.636 | K80: =100*(J80-MIN($J$2:$J$143))/(MAX($J$2:$J$143) - MIN($J$2:$J$143)) -> 30.773863 | M80: 3.636 | N80: 0.83 | O80: 4.7 | P80: 0.9 | Q80: =IFERROR(M80*P80*0.05+N80*0.05+O80*0.9,0) -> 4.43512 | R80: =100*(Q80-MIN($Q$2:$Q$143))/(MAX($Q$2:$Q$143) - MIN($Q$2:$Q$143)) -> 81.123962 | T80: =IFERROR(__xludf.DUMMYFUNCTION("iferror(PERCENTRANK.INC(FILTER($Q$2:$Q$428, $O$2:$O$428<3.75), $Q80), 1)"),1.0) -> 1 | U80: =IFERROR(__xludf.DUMMYFUNCTION("iferror(PERCENTRANK.INC(FILTER($Q$2:$Q$428, $O$2:$O$428<4.25), $Q80), 1)"),1.0) -> 1 | V80: =IFERROR(__xludf.DUMMYFUNCTION("iferror(PERCENTRANK.INC(FILTER($Q$2:$Q$428, $O$2:$O$428>=4.1), $Q80), 0.01)"),0.459) -> 0.459
A81: Athean Renfro | B81: TEXAS STHN | C81: 28 | D81: HB | E81: SWAC | F81: 145 | G81: 817 | H81: 5.6 | I81: 7 | J81: 4.24 | K81: =100*(J81-MIN($J$2:$J$143))/(MAX($J$2:$J$143) - MIN($J$2:$J$143)) -> 39.86751 | M81: 4.24 | N81: 0.28 | P81: 0.9 | Q81: =IFERROR(M81*P81*0.05+N81*0.05+O81*0.9,0) -> 0.2048 | R81: =100*(Q81-MIN($Q$2:$Q$143))/(MAX($Q$2:$Q$143) - MIN($Q$2:$Q$143)) -> 3.7460514 | T81: =IFERROR(__xludf.DUMMYFUNCTION("iferror(PERCENTRANK.INC(FILTER($Q$2:$Q$428, $O$2:$O$428<3.75), $Q81), 1)"),0.644) -> 0.644 | U81: =IFERROR(__xludf.DUMMYFUNCTION("iferror(PERCENTRANK.INC(FILTER($Q$2:$Q$428, $O$2:$O$428<4.25), $Q81), 1)"),0.563) -> 0.563 | V81: =IFERROR(__xludf.DUMMYFUNCTION("iferror(PERCENTRANK.INC(FILTER($Q$2:$Q$428, $O$2:$O$428>=4.1), $Q81), 0.01)"),0.01) -> 0.01
A82: Sire Gaines | B82: BOISE ST | C82: 26 | D82: HB | E82: MWC | F82: 105 | G82: 498 | H82: 4.7 | I82: 5 | J82: 2.978 | K82: =100*(J82-MIN($J$2:$J$143))/(MAX($J$2:$J$143) - MIN($J$2:$J$143)) -> 20.867209 | M82: 2.978 | N82: 1.25 | P82: 0.95 | Q82: =IFERROR(M82*P82*0.05+N82*0.05+O82*0.9,0) -> 0.203955 | R82: =100*(Q82-MIN($Q$2:$Q$143))/(MAX($Q$2:$Q$143) - MIN($Q$2:$Q$143)) -> 3.7305953 | T82: =IFERROR(__xludf.DUMMYFUNCTION("iferror(PERCENTRANK.INC(FILTER($Q$2:$Q$428, $O$2:$O$428<3.75), $Q82), 1)"),0.633) -> 0.633 | U82: =IFERROR(__xludf.DUMMYFUNCTION("iferror(PERCENTRANK.INC(FILTER($Q$2:$Q$428, $O$2:$O$428<4.25), $Q82), 1)"),0.553) -> 0.553 | V82: =IFERROR(__xludf.DUMMYFUNCTION("iferror(PERCENTRANK.INC(FILTER($Q$2:$Q$428, $O$2:$O$428>=4.1), $Q82), 0.01)"),0.01) -> 0.01
A83: Adam Jones | B83: MONTANA ST | C83: 23 | D83: HB | E83: Big Sky | F83: 107 | G83: 585 | H83: 5.5 | I83: 9 | J83: 3.772 | K83: =100*(J83-MIN($J$2:$J$143))/(MAX($J$2:$J$143) - MIN($J$2:$J$143)) -> 32.821439 | M83: 3.772 | N83: 0.67 | P83: 0.9 | Q83: =IFERROR(M83*P83*0.05+N83*0.05+O83*0.9,0) -> 0.20324 | R83: =100*(Q83-MIN($Q$2:$Q$143))/(MAX($Q$2:$Q$143) - MIN($Q$2:$Q$143)) -> 3.717517 | T83: =IFERROR(__xludf.DUMMYFUNCTION("iferror(PERCENTRANK.INC(FILTER($Q$2:$Q$428, $O$2:$O$428<3.75), $Q83), 1)"),0.622) -> 0.622 | U83: =IFERROR(__xludf.DUMMYFUNCTION("iferror(PERCENTRANK.INC(FILTER($Q$2:$Q$428, $O$2:$O$428<4.25), $Q83), 1)"),0.544) -> 0.544 | V83: =IFERROR(__xludf.DUMMYFUNCTION("iferror(PERCENTRANK.INC(FILTER($Q$2:$Q$428, $O$2:$O$428>=4.1), $Q83), 0.01)"),0.01) -> 0.01
A84: Juelz Goff | B84: PITTSBURGH | C84: 8 | D84: HB | E84: ACC | F84: 57 | G84: 219 | H84: 3.8 | I84: 4 | J84: 1.868 | K84: =100*(J84-MIN($J$2:$J$143))/(MAX($J$2:$J$143) - MIN($J$2:$J$143)) -> 4.1553749 | M84: 1.868 | N84: 2.16 | P84: 1 | Q84: =IFERROR(M84*P84*0.05+N84*0.05+O84*0.9,0) -> 0.2014 | R84: =100*(Q84-MIN($Q$2:$Q$143))/(MAX($Q$2:$Q$143) - MIN($Q$2:$Q$143)) -> 3.6838611 | T84: =IFERROR(__xludf.DUMMYFUNCTION("iferror(PERCENTRANK.INC(FILTER($Q$2:$Q$428, $O$2:$O$428<3.75), $Q84), 1)"),0.611) -> 0.611 | U84: =IFERROR(__xludf.DUMMYFUNCTION("iferror(PERCENTRANK.INC(FILTER($Q$2:$Q$428, $O$2:$O$428<4.25), $Q84), 1)"),0.534) -> 0.534 | V84: =IFERROR(__xludf.DUMMYFUNCTION("iferror(PERCENTRANK.INC(FILTER($Q$2:$Q$428, $O$2:$O$428>=4.1), $Q84), 0.01)"),0.01) -> 0.01
A85: Dylan Edwards | B85: KANSAS ST | C85: 3 | D85: HB | E85: Big 12 | F85: 36 | G85: 209 | H85: 5.8 | I85: 2 | J85: 1.802 | K85: =100*(J85-MIN($J$2:$J$143))/(MAX($J$2:$J$143) - MIN($J$2:$J$143)) -> 3.1616983 | M85: 1.802 | N85: 2.2 | P85: 1 | Q85: =IFERROR(M85*P85*0.05+N85*0.05+O85*0.9,0) -> 0.2001 | R85: =100*(Q85-MIN($Q$2:$Q$143))/(MAX($Q$2:$Q$143) - MIN($Q$2:$Q$143)) -> 3.6600824 | T85: =IFERROR(__xludf.DUMMYFUNCTION("iferror(PERCENTRANK.INC(FILTER($Q$2:$Q$428, $O$2:$O$428<3.75), $Q85), 1)"),0.6) -> 0.6 | U85: =IFERROR(__xludf.DUMMYFUNCTION("iferror(PERCENTRANK.INC(FILTER($Q$2:$Q$428, $O$2:$O$428<4.25), $Q85), 1)"),0.524) -> 0.524 | V85: =IFERROR(__xludf.DUMMYFUNCTION("iferror(PERCENTRANK.INC(FILTER($Q$2:$Q$428, $O$2:$O$428>=4.1), $Q85), 0.01)"),0.01) -> 0.01
A86: Jaylon Spears | B86: INCAR WORD | C86: 1 | D86: HB | E86: Southland | F86: 109 | G86: 386 | H86: 3.5 | I86: 4 | J86: 2.466 | K86: =100*(J86-MIN($J$2:$J$143))/(MAX($J$2:$J$143) - MIN($J$2:$J$143)) -> 13.158687 | M86: 2.466 | N86: 1.67 | P86: 0.9 | Q86: =IFERROR(M86*P86*0.05+N86*0.05+O86*0.9,0) -> 0.19447 | R86: =100*(Q86-MIN($Q$2:$Q$143))/(MAX($Q$2:$Q$143) - MIN($Q$2:$Q$143)) -> 3.5571026 | T86: =IFERROR(__xludf.DUMMYFUNCTION("iferror(PERCENTRANK.INC(FILTER($Q$2:$Q$428, $O$2:$O$428<3.75), $Q86), 1)"),0.589) -> 0.589 | U86: =IFERROR(__xludf.DUMMYFUNCTION("iferror(PERCENTRANK.INC(FILTER($Q$2:$Q$428, $O$2:$O$428<4.25), $Q86), 1)"),0.515) -> 0.515 | V86: =IFERROR(__xludf.DUMMYFUNCTION("iferror(PERCENTRANK.INC(FILTER($Q$2:$Q$428, $O$2:$O$428>=4.1), $Q86), 0.01)"),0.01) -> 0.01
A87: James Paige | B87: TARLETON | C87: 14 | D87: HB | E87: United Athletic | F87: 90 | G87: 516 | H87: 5.7 | I87: 7 | J87: 3.324 | K87: =100*(J87-MIN($J$2:$J$143))/(MAX($J$2:$J$143) - MIN($J$2:$J$143)) -> 26.076483 | M87: 3.324 | N87: 0.87 | P87: 0.9 | Q87: =IFERROR(M87*P87*0.05+N87*0.05+O87*0.9,0) -> 0.19308 | R87: =100*(Q87-MIN($Q$2:$Q$143))/(MAX($Q$2:$Q$143) - MIN($Q$2:$Q$143)) -> 3.5316777 | T87: =IFERROR(__xludf.DUMMYFUNCTION("iferror(PERCENTRANK.INC(FILTER($Q$2:$Q$428, $O$2:$O$428<3.75), $Q87), 1)"),0.578) -> 0.578 | U87: =IFERROR(__xludf.DUMMYFUNCTION("iferror(PERCENTRANK.INC(FILTER($Q$2:$Q$428, $O$2:$O$428<4.25), $Q87), 1)"),0.505) -> 0.505 | V87: =IFERROR(__xludf.DUMMYFUNCTION("iferror(PERCENTRANK.INC(FILTER($Q$2:$Q$428, $O$2:$O$428>=4.1), $Q87), 0.01)"),0.01) -> 0.01
A88: Luke Hansen | B88: DAYTON | C88: 25 | D88: HB | E88: Pioneer | F88: 93 | G88: 518 | H88: 5.6 | I88: 7 | J88: 3.33 | K88: =100*(J88-MIN($J$2:$J$143))/(MAX($J$2:$J$143) - MIN($J$2:$J$143)) -> 26.166817 | M88: 3.33 | N88: 0.75 | P88: 0.9 | Q88: =IFERROR(M88*P88*0.05+N88*0.05+O88*0.9,0) -> 0.18735 | R88: =100*(Q88-MIN($Q$2:$Q$143))/(MAX($Q$2:$Q$143) - MIN($Q$2:$Q$143)) -> 3.4268688 | T88: =IFERROR(__xludf.DUMMYFUNCTION("iferror(PERCENTRANK.INC(FILTER($Q$2:$Q$428, $O$2:$O$428<3.75), $Q88), 1)"),0.567) -> 0.567 | U88: =IFERROR(__xludf.DUMMYFUNCTION("iferror(PERCENTRANK.INC(FILTER($Q$2:$Q$428, $O$2:$O$428<4.25), $Q88), 1)"),0.495) -> 0.495 | V88: =IFERROR(__xludf.DUMMYFUNCTION("iferror(PERCENTRANK.INC(FILTER($Q$2:$Q$428, $O$2:$O$428>=4.1), $Q88), 0.01)"),0.01) -> 0.01
A89: Jordan Fisher | B89: UC DAVIS | C89: 20 | D89: HB | E89: Big Sky | F89: 132 | G89: 881 | H89: 6.7 | I89: 4 | J89: 4.106 | K89: =100*(J89-MIN($J$2:$J$143))/(MAX($J$2:$J$143) - MIN($J$2:$J$143)) -> 37.850045 | M89: 4.106 | N89: 0.02 | O89: 3.73 | P89: 0.9 | Q89: =IFERROR(M89*P89*0.05+N89*0.05+O89*0.9,0) -> 3.54277 | R89: =100*(Q89-MIN($Q$2:$Q$143))/(MAX($Q$2:$Q$143) - MIN($Q$2:$Q$143)) -> 64.80175 | T89: =IFERROR(__xludf.DUMMYFUNCTION("iferror(PERCENTRANK.INC(FILTER($Q$2:$Q$428, $O$2:$O$428<3.75), $Q89), 1)"),0.967) -> 0.967 | U89: =IFERROR(__xludf.DUMMYFUNCTION("iferror(PERCENTRANK.INC(FILTER($Q$2:$Q$428, $O$2:$O$428<4.25), $Q89), 1)"),0.845) -> 0.845 | V89: =IFERROR(__xludf.DUMMYFUNCTION("iferror(PERCENTRANK.INC(FILTER($Q$2:$Q$428, $O$2:$O$428>=4.1), $Q89), 0.01)"),0.023) -> 0.023
A90: Ke'Marion Baldwin | B90: CHARLES SO | C90: 4 | D90: HB | E90: Big South - OVC Football Association | F90: 127 | G90: 574 | H90: 4.5 | I90: 6 | J90: 3.35 | K90: =100*(J90-MIN($J$2:$J$143))/(MAX($J$2:$J$143) - MIN($J$2:$J$143)) -> 26.467931 | M90: 3.35 | N90: 0.7 | P90: 0.9 | Q90: =IFERROR(M90*P90*0.05+N90*0.05+O90*0.9,0) -> 0.18575 | R90: =100*(Q90-MIN($Q$2:$Q$143))/(MAX($Q$2:$Q$143) - MIN($Q$2:$Q$143)) -> 3.3976027 | T90: =IFERROR(__xludf.DUMMYFUNCTION("iferror(PERCENTRANK.INC(FILTER($Q$2:$Q$428, $O$2:$O$428<3.75), $Q90), 1)"),0.556) -> 0.556 | U90: =IFERROR(__xludf.DUMMYFUNCTION("iferror(PERCENTRANK.INC(FILTER($Q$2:$Q$428, $O$2:$O$428<4.25), $Q90), 1)"),0.485) -> 0.485 | V90: =IFERROR(__xludf.DUMMYFUNCTION("iferror(PERCENTRANK.INC(FILTER($Q$2:$Q$428, $O$2:$O$428>=4.1), $Q90), 0.01)"),0.01) -> 0.01
A91: Matt Childs | B91: BROWN | C91: 2 | D91: HB | E91: Ivy | F91: 119 | G91: 446 | H91: 3.8 | I91: 7 | J91: 3.054 | K91: =100*(J91-MIN($J$2:$J$143))/(MAX($J$2:$J$143) - MIN($J$2:$J$143)) -> 22.011442 | M91: 3.054 | N91: 0.93 | P91: 0.9 | Q91: =IFERROR(M91*P91*0.05+N91*0.05+O91*0.9,0) -> 0.18393 | R91: =100*(Q91-MIN($Q$2:$Q$143))/(MAX($Q$2:$Q$143) - MIN($Q$2:$Q$143)) -> 3.3643126 | T91: =IFERROR(__xludf.DUMMYFUNCTION("iferror(PERCENTRANK.INC(FILTER($Q$2:$Q$428, $O$2:$O$428<3.75), $Q91), 1)"),0.544) -> 0.544 | U91: =IFERROR(__xludf.DUMMYFUNCTION("iferror(PERCENTRANK.INC(FILTER($Q$2:$Q$428, $O$2:$O$428<4.25), $Q91), 1)"),0.476) -> 0.476 | V91: =IFERROR(__xludf.DUMMYFUNCTION("iferror(PERCENTRANK.INC(FILTER($Q$2:$Q$428, $O$2:$O$428>=4.1), $Q91), 0.01)"),0.01) -> 0.01
A92: Dierre Hill Jr. | B92: OREGON | C92: 23 | D92: HB | E92: Big Ten | F92: 43 | G92: 402 | H92: 9.3 | I92: 4 | J92: 3.03 | K92: =100*(J92-MIN($J$2:$J$143))/(MAX($J$2:$J$143) - MIN($J$2:$J$143)) -> 21.650105 | M92: 3.03 | N92: 0.63 | P92: 1 | Q92: =IFERROR(M92*P92*0.05+N92*0.05+O92*0.9,0) -> 0.183 | R92: =100*(Q92-MIN($Q$2:$Q$143))/(MAX($Q$2:$Q$143) - MIN($Q$2:$Q$143)) -> 3.3473018 | T92: =IFERROR(__xludf.DUMMYFUNCTION("iferror(PERCENTRANK.INC(FILTER($Q$2:$Q$428, $O$2:$O$428<3.75), $Q92), 1)"),0.533) -> 0.533 | U92: =IFERROR(__xludf.DUMMYFUNCTION("iferror(PERCENTRANK.INC(FILTER($Q$2:$Q$428, $O$2:$O$428<4.25), $Q92), 1)"),0.466) -> 0.466 | V92: =IFERROR(__xludf.DUMMYFUNCTION("iferror(PERCENTRANK.INC(FILTER($Q$2:$Q$428, $O$2:$O$428>=4.1), $Q92), 0.01)"),0.01) -> 0.01
A93: JJ Cowan | B93: CAMPBELL | C93: 5 | D93: HB | E93: CAA | F93: 101 | G93: 540 | H93: 5.3 | I93: 8 | J93: 3.494 | K93: =100*(J93-MIN($J$2:$J$143))/(MAX($J$2:$J$143) - MIN($J$2:$J$143)) -> 28.635953 | M93: 3.494 | N93: 0.49 | P93: 0.9 | Q93: =IFERROR(M93*P93*0.05+N93*0.05+O93*0.9,0) -> 0.18173 | R93: =100*(Q93-MIN($Q$2:$Q$143))/(MAX($Q$2:$Q$143) - MIN($Q$2:$Q$143)) -> 3.3240719 | T93: =IFERROR(__xludf.DUMMYFUNCTION("iferror(PERCENTRANK.INC(FILTER($Q$2:$Q$428, $O$2:$O$428<3.75), $Q93), 1)"),0.522) -> 0.522 | U93: =IFERROR(__xludf.DUMMYFUNCTION("iferror(PERCENTRANK.INC(FILTER($Q$2:$Q$428, $O$2:$O$428<4.25), $Q93), 1)"),0.456) -> 0.456 | V93: =IFERROR(__xludf.DUMMYFUNCTION("iferror(PERCENTRANK.INC(FILTER($Q$2:$Q$428, $O$2:$O$428>=4.1), $Q93), 0.01)"),0.01) -> 0.01
A94: Kedrick Reescano | B94: ARIZONA | C94: 3 | D94: HB | E94: Big 12 | F94: 47 | G94: 231 | H94: 4.9 | I94: 4 | J94: 2.008 | K94: =100*(J94-MIN($J$2:$J$143))/(MAX($J$2:$J$143) - MIN($J$2:$J$143)) -> 6.2631737 | M94: 2.008 | N94: 1.61 | P94: 1 | Q94: =IFERROR(M94*P94*0.05+N94*0.05+O94*0.9,0) -> 0.1809 | R94: =100*(Q94-MIN($Q$2:$Q$143))/(MAX($Q$2:$Q$143) - MIN($Q$2:$Q$143)) -> 3.3088901 | T94: =IFERROR(__xludf.DUMMYFUNCTION("iferror(PERCENTRANK.INC(FILTER($Q$2:$Q$428, $O$2:$O$428<3.75), $Q94), 1)"),0.511) -> 0.511 | U94: =IFERROR(__xludf.DUMMYFUNCTION("iferror(PERCENTRANK.INC(FILTER($Q$2:$Q$428, $O$2:$O$428<4.25), $Q94), 1)"),0.447) -> 0.447 | V94: =IFERROR(__xludf.DUMMYFUNCTION("iferror(PERCENTRANK.INC(FILTER($Q$2:$Q$428, $O$2:$O$428>=4.1), $Q94), 0.01)"),0.01) -> 0.01
A95: Deantre Jackson | B95: SE LA | C95: 3 | D95: HB | E95: Southland | F95: 64 | G95: 482 | H95: 7.5 | I95: 7 | J95: 3.388 | K95: =100*(J95-MIN($J$2:$J$143))/(MAX($J$2:$J$143) - MIN($J$2:$J$143)) -> 27.040048 | M95: 3.388 | N95: 0.56 | P95: 0.9 | Q95: =IFERROR(M95*P95*0.05+N95*0.05+O95*0.9,0) -> 0.18046 | R95: =100*(Q95-MIN($Q$2:$Q$143))/(MAX($Q$2:$Q$143) - MIN($Q$2:$Q$143)) -> 3.3008419 | T95: =IFERROR(__xludf.DUMMYFUNCTION("iferror(PERCENTRANK.INC(FILTER($Q$2:$Q$428, $O$2:$O$428<3.75), $Q95), 1)"),0.5) -> 0.5 | U95: =IFERROR(__xludf.DUMMYFUNCTION("iferror(PERCENTRANK.INC(FILTER($Q$2:$Q$428, $O$2:$O$428<4.25), $Q95), 1)"),0.437) -> 0.437 | V95: =IFERROR(__xludf.DUMMYFUNCTION("iferror(PERCENTRANK.INC(FILTER($Q$2:$Q$428, $O$2:$O$428>=4.1), $Q95), 0.01)"),0.01) -> 0.01
A96: Damian Henderson II | B96: SACRAMENTO | C96: 4 | D96: HB | E96: Big Sky | F96: 83 | G96: 529 | H96: 6.4 | I96: 5 | J96: 3.18 | K96: =100*(J96-MIN($J$2:$J$143))/(MAX($J$2:$J$143) - MIN($J$2:$J$143)) -> 23.908461 | M96: 3.18 | N96: 0.63 | P96: 0.9 | Q96: =IFERROR(M96*P96*0.05+N96*0.05+O96*0.9,0) -> 0.1746 | R96: =100*(Q96-MIN($Q$2:$Q$143))/(MAX($Q$2:$Q$143) - MIN($Q$2:$Q$143)) -> 3.1936551 | T96: =IFERROR(__xludf.DUMMYFUNCTION("iferror(PERCENTRANK.INC(FILTER($Q$2:$Q$428, $O$2:$O$428<3.75), $Q96), 1)"),0.489) -> 0.489 | U96: =IFERROR(__xludf.DUMMYFUNCTION("iferror(PERCENTRANK.INC(FILTER($Q$2:$Q$428, $O$2:$O$428<4.25), $Q96), 1)"),0.427) -> 0.427 | V96: =IFERROR(__xludf.DUMMYFUNCTION("iferror(PERCENTRANK.INC(FILTER($Q$2:$Q$428, $O$2:$O$428>=4.1), $Q96), 0.01)"),0.01) -> 0.01
A97: DJ Scott | B97: N DAK ST | C97: 7 | D97: HB | E97: Missouri Valley | F97: 74 | G97: 371 | H97: 5 | I97: 6 | J97: 2.706 | K97: =100*(J97-MIN($J$2:$J$143))/(MAX($J$2:$J$143) - MIN($J$2:$J$143)) -> 16.772057 | M97: 2.706 | N97: 0.99 | P97: 0.9 | Q97: =IFERROR(M97*P97*0.05+N97*0.05+O97*0.9,0) -> 0.17127 | R97: =100*(Q97-MIN($Q$2:$Q$143))/(MAX($Q$2:$Q$143) - MIN($Q$2:$Q$143)) -> 3.1327452 | T97: =IFERROR(__xludf.DUMMYFUNCTION("iferror(PERCENTRANK.INC(FILTER($Q$2:$Q$428, $O$2:$O$428<3.75), $Q97), 1)"),0.478) -> 0.478 | U97: =IFERROR(__xludf.DUMMYFUNCTION("iferror(PERCENTRANK.INC(FILTER($Q$2:$Q$428, $O$2:$O$428<4.25), $Q97), 1)"),0.417) -> 0.417 | V97: =IFERROR(__xludf.DUMMYFUNCTION("iferror(PERCENTRANK.INC(FILTER($Q$2:$Q$428, $O$2:$O$428>=4.1), $Q97), 0.01)"),0.01) -> 0.01
A98: Terion Stewart | B98: VA TECH | C98: 8 | D98: HB | E98: ACC | F98: 64 | G98: 397 | H98: 6.2 | I98: 0 | J98: 2.17 | K98: =100*(J98-MIN($J$2:$J$143))/(MAX($J$2:$J$143) - MIN($J$2:$J$143)) -> 8.7021981 | M98: 2.17 | N98: 1.25 | P98: 1 | Q98: =IFERROR(M98*P98*0.05+N98*0.05+O98*0.9,0) -> 0.171 | R98: =100*(Q98-MIN($Q$2:$Q$143))/(MAX($Q$2:$Q$143) - MIN($Q$2:$Q$143)) -> 3.1278066 | T98: =IFERROR(__xludf.DUMMYFUNCTION("iferror(PERCENTRANK.INC(FILTER($Q$2:$Q$428, $O$2:$O$428<3.75), $Q98), 1)"),0.467) -> 0.467 | U98: =IFERROR(__xludf.DUMMYFUNCTION("iferror(PERCENTRANK.INC(FILTER($Q$2:$Q$428, $O$2:$O$428<4.25), $Q98), 1)"),0.408) -> 0.408 | V98: =IFERROR(__xludf.DUMMYFUNCTION("iferror(PERCENTRANK.INC(FILTER($Q$2:$Q$428, $O$2:$O$428>=4.1), $Q98), 0.01)"),0.01) -> 0.01
A99: Hakeem Watters | B99: CHARLES SO | C99: 20 | D99: HB | E99: Big South - OVC Football Association | F99: 67 | G99: 344 | H99: 5.1 | I99: 3 | J99: 2.266 | K99: =100*(J99-MIN($J$2:$J$143))/(MAX($J$2:$J$143) - MIN($J$2:$J$143)) -> 10.147546 | M99: 2.266 | N99: 1.38 | P99: 0.9 | Q99: =IFERROR(M99*P99*0.05+N99*0.05+O99*0.9,0) -> 0.17097 | R99: =100*(Q99-MIN($Q$2:$Q$143))/(MAX($Q$2:$Q$143) - MIN($Q$2:$Q$143)) -> 3.1272578 | T99: =IFERROR(__xludf.DUMMYFUNCTION("iferror(PERCENTRANK.INC(FILTER($Q$2:$Q$428, $O$2:$O$428<3.75), $Q99), 1)"),0.456) -> 0.456 | U99: =IFERROR(__xludf.DUMMYFUNCTION("iferror(PERCENTRANK.INC(FILTER($Q$2:$Q$428, $O$2:$O$428<4.25), $Q99), 1)"),0.398) -> 0.398 | V99: =IFERROR(__xludf.DUMMYFUNCTION("iferror(PERCENTRANK.INC(FILTER($Q$2:$Q$428, $O$2:$O$428>=4.1), $Q99), 0.01)"),0.01) -> 0.01
A100: Michael Turner | B100: BAYLOR | C100: 23 | D100: HB | E100: Big 12 | F100: 53 | G100: 280 | H100: 5.3 | I100: 1 | J100: 1.846 | K100: =100*(J100-MIN($J$2:$J$143))/(MAX($J$2:$J$143) - MIN($J$2:$J$143)) -> 3.8241494 | M100: 1.846 | N100: 1.55 | P100: 1 | Q100: =IFERROR(M100*P100*0.05+N100*0.05+O100*0.9,0) -> 0.1698 | R100: =100*(Q100-MIN($Q$2:$Q$143))/(MAX($Q$2:$Q$143) - MIN($Q$2:$Q$143)) -> 3.105857 | T100: =IFERROR(__xludf.DUMMYFUNCTION("iferror(PERCENTRANK.INC(FILTER($Q$2:$Q$428, $O$2:$O$428<3.75), $Q100), 1)"),0.444) -> 0.444 | U100: =IFERROR(__xludf.DUMMYFUNCTION("iferror(PERCENTRANK.INC(FILTER($Q$2:$Q$428, $O$2:$O$428<4.25), $Q100), 1)"),0.388) -> 0.388 | V100: =IFERROR(__xludf.DUMMYFUNCTION("iferror(PERCENTRANK.INC(FILTER($Q$2:$Q$428, $O$2:$O$428>=4.1), $Q100), 0.01)"),0.01) -> 0.01
...

Sheet WR Sheet
A1: Name | B1: Team | C1: # | D1: POS | E1: CONF | F1: TGT | G1: REC | H1: REC YDS | I1: YPR | J1: REC TD | K1: Game Score | L1: Normalized Game Score | N1: Game Score | O1: Average Value | P1: Film Grade | Q1: Grade Differential | R1: Conference Production Modifier | S1: Adjusted Game Score | T1: Normalized Adjusted Game Score | U1: Game Score Difference | W1: FCS Prospect Percentile | X1: G5 Prospect Percentile | Y1: P4 Prospect Percentile
A2: Joseph Griffin | B2: WISCONSIN | C2: 12 | D2: WR | E2: Big Ten | F2: 2 | G2: 1 | H2: 5 | I2: 5 | J2: 0 | K2: 2.01 | L2: 1.75 | N2: 1.75 | O2: 0 | P2: 3.97 | Q2: 0 | R2: {=XLOOKUP(E2, 'Conference Match'!$A$2:$A$40,'Conference Match'!$C$2:$C$40)} -> 1 | S2: =IFERROR((P2*0.5+O2*0.2+R2*N2*0.2+Q2*0.1), 0) -> 2.335 | T2: =100*(S2-MIN($S$3:$S$511))/(MAX($S$3:$S$511) - MIN($S$3:$S$511)) -> 12.323811 | U2: =T2-L2 -> 10.573811 | W2: =IFERROR(__xludf.DUMMYFUNCTION("iferror(PERCENTRANK.INC(FILTER($S$3:$S$435, $P$3:$P$435<3.75), $S2), 1)"),0.51) -> 0.51 | X2: =IFERROR(__xludf.DUMMYFUNCTION("iferror(PERCENTRANK.INC(FILTER($S$3:$S$435, $P$3:$P$435<4.5), $S2), 1)"),0.341) -> 0.341 | Y2: =IFERROR(__xludf.DUMMYFUNCTION("iferror(PERCENTRANK.INC(FILTER($S$3:$S$435, $P$3:$P$435>=4.1), $S2), 0.01)"),0.01) -> 0.01
A3: Ted Hurst | B3: GA STATE | C3: 1 | D3: WR | E3: Sun Belt | F3: 90 | G3: 50 | H3: 723 | I3: 14.5 | J3: 5 | K3: 7.146023 | L3: 61.940394 | N3: 7.146023 | O3: 10 | R3: {=XLOOKUP(E3, 'Conference Match'!$A$2:$A$40,'Conference Match'!$C$2:$C$40)} -> 0.95 | S3: =IFERROR((P3*0.5+O3*0.2+R3*N3*0.2+Q3*0.1), 0) -> 3.3577444 | T3: =100*(S3-MIN($S$3:$S$511))/(MAX($S$3:$S$511) - MIN($S$3:$S$511)) -> 22.512464 | U3: =T3-L3 -> -39.42793 | W3: =IFERROR(__xludf.DUMMYFUNCTION("iferror(PERCENTRANK.INC(FILTER($S$3:$S$435, $P$3:$P$435<3.75), $S3), 1)"),0.769) -> 0.769 | X3: =IFERROR(__xludf.DUMMYFUNCTION("iferror(PERCENTRANK.INC(FILTER($S$3:$S$435, $P$3:$P$435<4.5), $S3), 1)"),0.568) -> 0.568 | Y3: =IFERROR(__xludf.DUMMYFUNCTION("iferror(PERCENTRANK.INC(FILTER($S$3:$S$435, $P$3:$P$435>=4.1), $S3), 0.01)"),0.036) -> 0.036
A4: Josh Derry | B4: MONMOUTH | C4: 14 | D4: WR | E4: CAA | F4: 74 | G4: 56 | H4: 860 | I4: 15.4 | J4: 9 | K4: 8.5124722 | L4: 66.274081 | N4: 8.5124722 | O4: 10 | P4: 4.89 | Q4: -7.5 | R4: {=XLOOKUP(E4, 'Conference Match'!$A$2:$A$40,'Conference Match'!$C$2:$C$40)} -> 0.9 | S4: =IFERROR((P4*0.5+O4*0.2+R4*N4*0.2+Q4*0.1), 0) -> 5.227245 | T4: =100*(S4-MIN($S$3:$S$511))/(MAX($S$3:$S$511) - MIN($S$3:$S$511)) -> 41.136562 | U4: =T4-L4 -> -25.137519 | W4: =IFERROR(__xludf.DUMMYFUNCTION("iferror(PERCENTRANK.INC(FILTER($S$3:$S$435, $P$3:$P$435<3.75), $S4), 1)"),1.0) -> 1 | X4: =IFERROR(__xludf.DUMMYFUNCTION("iferror(PERCENTRANK.INC(FILTER($S$3:$S$435, $P$3:$P$435<4.5), $S4), 1)"),0.991) -> 0.991 | Y4: =IFERROR(__xludf.DUMMYFUNCTION("iferror(PERCENTRANK.INC(FILTER($S$3:$S$435, $P$3:$P$435>=4.1), $S4), 0.01)"),0.818) -> 0.818
A5: Carver Cheeks | B5: N COLORADO | C5: WR | D5: WR | E5: Big Sky | F5: 81 | G5: 52 | H5: 811 | I5: 15.6 | J5: 5 | K5: 7.6040801 | L5: 58.011805 | N5: 7.6040801 | O5: 9.17 | P5: 3.69 | Q5: -2 | R5: {=XLOOKUP(E5, 'Conference Match'!$A$2:$A$40,'Conference Match'!$C$2:$C$40)} -> 0.9 | S5: =IFERROR((P5*0.5+O5*0.2+R5*N5*0.2+Q5*0.1), 0) -> 4.8477344 | T5: =100*(S5-MIN($S$3:$S$511))/(MAX($S$3:$S$511) - MIN($S$3:$S$511)) -> 37.35585 | U5: =T5-L5 -> -20.655954 | W5: =IFERROR(__xludf.DUMMYFUNCTION("iferror(PERCENTRANK.INC(FILTER($S$3:$S$435, $P$3:$P$435<3.75), $S5), 1)"),0.993) -> 0.993 | X5: =IFERROR(__xludf.DUMMYFUNCTION("iferror(PERCENTRANK.INC(FILTER($S$3:$S$435, $P$3:$P$435<4.5), $S5), 1)"),0.955) -> 0.955 | Y5: =IFERROR(__xludf.DUMMYFUNCTION("iferror(PERCENTRANK.INC(FILTER($S$3:$S$435, $P$3:$P$435>=4.1), $S5), 0.01)"),0.672) -> 0.672
A6: Jordan Dees | B6: W GEORGIA | C6: 86 | D6: WR | E6: United Athletic | F6: 52 | G6: 30 | H6: 421 | I6: 14 | J6: 3 | K6: 6.44 | L6: 47.46 | N6: 6.44 | O6: 8.97 | P6: 4.13 | Q6: 0 | R6: {=XLOOKUP(E6, 'Conference Match'!$A$2:$A$40,'Conference Match'!$C$2:$C$40)} -> 0.9 | S6: =IFERROR((P6*0.5+O6*0.2+R6*N6*0.2+Q6*0.1), 0) -> 5.0182 | T6: =100*(S6-MIN($S$3:$S$511))/(MAX($S$3:$S$511) - MIN($S$3:$S$511)) -> 39.054041 | U6: =T6-L6 -> -8.4059593 | W6: =IFERROR(__xludf.DUMMYFUNCTION("iferror(PERCENTRANK.INC(FILTER($S$3:$S$435, $P$3:$P$435<3.75), $S6), 1)"),1.0) -> 1 | X6: =IFERROR(__xludf.DUMMYFUNCTION("iferror(PERCENTRANK.INC(FILTER($S$3:$S$435, $P$3:$P$435<4.5), $S6), 1)"),0.977) -> 0.977 | Y6: =IFERROR(__xludf.DUMMYFUNCTION("iferror(PERCENTRANK.INC(FILTER($S$3:$S$435, $P$3:$P$435>=4.1), $S6), 0.01)"),0.714) -> 0.714
A7: Chase Hendricks | B7: OHIO | C7: 7 | D7: WR | E7: MAC | F7: 78 | G7: 58 | H7: 828 | I7: 14.3 | J7: 6 | K7: 7.5517426 | L7: 66.789466 | N7: 7.5517426 | O7: 8.66 | P7: 4.91 | Q7: 5.5 | R7: {=XLOOKUP(E7, 'Conference Match'!$A$2:$A$40,'Conference Match'!$C$2:$C$40)} -> 0.95 | S7: =IFERROR((P7*0.5+O7*0.2+R7*N7*0.2+Q7*0.1), 0) -> 6.1718311 | T7: =100*(S7-MIN($S$3:$S$511))/(MAX($S$3:$S$511) - MIN($S$3:$S$511)) -> 50.546596 | U7: =T7-L7 -> -16.24287 | W7: =IFERROR(__xludf.DUMMYFUNCTION("iferror(PERCENTRANK.INC(FILTER($S$3:$S$435, $P$3:$P$435<3.75), $S7), 1)"),1.0) -> 1 | X7: =IFERROR(__xludf.DUMMYFUNCTION("iferror(PERCENTRANK.INC(FILTER($S$3:$S$435, $P$3:$P$435<4.5), $S7), 1)"),1.0) -> 1 | Y7: =IFERROR(__xludf.DUMMYFUNCTION("iferror(PERCENTRANK.INC(FILTER($S$3:$S$435, $P$3:$P$435>=4.1), $S7), 0.01)"),0.974) -> 0.974
A8: Danny Scudero | B8: S JOSE ST | C8: 10 | D8: WR | E8: MWC | F8: 107 | G8: 57 | H8: 883 | I8: 15.5 | J8: 8 | K8: 8.0721571 | L8: 73.009347 | N8: 8.0721571 | O8: 8.64 | P8: 4.36 | Q8: 2.5 | R8: {=XLOOKUP(E8, 'Conference Match'!$A$2:$A$40,'Conference Match'!$C$2:$C$40)} -> 0.95 | S8: =IFERROR((P8*0.5+O8*0.2+R8*N8*0.2+Q8*0.1), 0) -> 5.6917099 | T8: =100*(S8-MIN($S$3:$S$511))/(MAX($S$3:$S$511) - MIN($S$3:$S$511)) -> 45.763594 | U8: =T8-L8 -> -27.245753 | W8: =IFERROR(__xludf.DUMMYFUNCTION("iferror(PERCENTRANK.INC(FILTER($S$3:$S$435, $P$3:$P$435<3.75), $S8), 1)"),1.0) -> 1 | X8: =IFERROR(__xludf.DUMMYFUNCTION("iferror(PERCENTRANK.INC(FILTER($S$3:$S$435, $P$3:$P$435<4.5), $S8), 1)"),1.0) -> 1 | Y8: =IFERROR(__xludf.DUMMYFUNCTION("iferror(PERCENTRANK.INC(FILTER($S$3:$S$435, $P$3:$P$435>=4.1), $S8), 0.01)"),0.948) -> 0.948
A9: Marquis Buchanan | B9: RHODE ISLD | C9: 1 | D9: WR | E9: CAA | F9: 78 | G9: 47 | H9: 873 | I9: 18.6 | J9: 4 | K9: 8.2491785 | L9: 63.879295 | N9: 8.2491785 | O9: 8.55 | P9: 4.41 | Q9: -2 | R9: {=XLOOKUP(E9, 'Conference Match'!$A$2:$A$40,'Conference Match'!$C$2:$C$40)} -> 0.9 | S9: =IFERROR((P9*0.5+O9*0.2+R9*N9*0.2+Q9*0.1), 0) -> 5.1998521 | T9: =100*(S9-MIN($S$3:$S$511))/(MAX($S$3:$S$511) - MIN($S$3:$S$511)) -> 40.863672 | U9: =T9-L9 -> -23.015622 | W9: =IFERROR(__xludf.DUMMYFUNCTION("iferror(PERCENTRANK.INC(FILTER($S$3:$S$435, $P$3:$P$435<3.75), $S9), 1)"),1.0) -> 1 | X9: =IFERROR(__xludf.DUMMYFUNCTION("iferror(PERCENTRANK.INC(FILTER($S$3:$S$435, $P$3:$P$435<4.5), $S9), 1)"),0.991) -> 0.991 | Y9: =IFERROR(__xludf.DUMMYFUNCTION("iferror(PERCENTRANK.INC(FILTER($S$3:$S$435, $P$3:$P$435>=4.1), $S9), 0.01)"),0.805) -> 0.805
A10: Sam Milligan | B10: BUCKNELL | C10: 84 | D10: WR | E10: Patriot | F10: 61 | G10: 46 | H10: 730 | I10: 15.9 | J10: 6 | K10: 8.0047429 | L10: 61.656031 | N10: 8.0047429 | O10: 8.48 | P10: 4.53 | Q10: -5 | R10: {=XLOOKUP(E10, 'Conference Match'!$A$2:$A$40,'Conference Match'!$C$2:$C$40)} -> 0.9 | S10: =IFERROR((P10*0.5+O10*0.2+R10*N10*0.2+Q10*0.1), 0) -> 4.9018537 | T10: =100*(S10-MIN($S$3:$S$511))/(MAX($S$3:$S$511) - MIN($S$3:$S$511)) -> 37.894991 | U10: =T10-L10 -> -23.761041 | W10: =IFERROR(__xludf.DUMMYFUNCTION("iferror(PERCENTRANK.INC(FILTER($S$3:$S$435, $P$3:$P$435<3.75), $S10), 1)"),0.996) -> 0.996 | X10: =IFERROR(__xludf.DUMMYFUNCTION("iferror(PERCENTRANK.INC(FILTER($S$3:$S$435, $P$3:$P$435<4.5), $S10), 1)"),0.964) -> 0.964 | Y10: =IFERROR(__xludf.DUMMYFUNCTION("iferror(PERCENTRANK.INC(FILTER($S$3:$S$435, $P$3:$P$435>=4.1), $S10), 0.01)"),0.701) -> 0.701
A11: Javon Robinson | B11: GA STATE | C11: 5 | D11: WR | E11: Sun Belt | F11: 60 | G11: 41 | H11: 390 | I11: 9.5 | J11: 3 | K11: 5.2346392 | L11: 39.095949 | N11: 5.2346392 | O11: 8.2 | P11: 3.97 | Q11: -7 | R11: {=XLOOKUP(E11, 'Conference Match'!$A$2:$A$40,'Conference Match'!$C$2:$C$40)} -> 0.95 | S11: =IFERROR((P11*0.5+O11*0.2+R11*N11*0.2+Q11*0.1), 0) -> 3.9195814 | T11: =100*(S11-MIN($S$3:$S$511))/(MAX($S$3:$S$511) - MIN($S$3:$S$511)) -> 28.109524 | U11: =T11-L11 -> -10.986425 | W11: =IFERROR(__xludf.DUMMYFUNCTION("iferror(PERCENTRANK.INC(FILTER($S$3:$S$435, $P$3:$P$435<3.75), $S11), 1)"),0.947) -> 0.947 | X11: =IFERROR(__xludf.DUMMYFUNCTION("iferror(PERCENTRANK.INC(FILTER($S$3:$S$435, $P$3:$P$435<4.5), $S11), 1)"),0.805) -> 0.805 | Y11: =IFERROR(__xludf.DUMMYFUNCTION("iferror(PERCENTRANK.INC(FILTER($S$3:$S$435, $P$3:$P$435>=4.1), $S11), 0.01)"),0.201) -> 0.201
A12: Rico Bond | B12: LNDNWD | C12: 1 | D12: WR | E12: Big South - OVC Football Association | F12: 63 | G12: 38 | H12: 481 | I12: 12.7 | J12: 5 | K12: 6.5448948 | L12: 48.377989 | N12: 6.5448948 | O12: 7.65 | P12: 4.81 | Q12: 2 | R12: {=XLOOKUP(E12, 'Conference Match'!$A$2:$A$40,'Conference Match'!$C$2:$C$40)} -> 0.9 | S12: =IFERROR((P12*0.5+O12*0.2+R12*N12*0.2+Q12*0.1), 0) -> 5.3130811 | T12: =100*(S12-MIN($S$3:$S$511))/(MAX($S$3:$S$511) - MIN($S$3:$S$511)) -> 41.991667 | U12: =T12-L12 -> -6.3863219 | W12: =IFERROR(__xludf.DUMMYFUNCTION("iferror(PERCENTRANK.INC(FILTER($S$3:$S$435, $P$3:$P$435<3.75), $S12), 1)"),1.0) -> 1 | X12: =IFERROR(__xludf.DUMMYFUNCTION("iferror(PERCENTRANK.INC(FILTER($S$3:$S$435, $P$3:$P$435<4.5), $S12), 1)"),0.993) -> 0.993 | Y12: =IFERROR(__xludf.DUMMYFUNCTION("iferror(PERCENTRANK.INC(FILTER($S$3:$S$435, $P$3:$P$435>=4.1), $S12), 0.01)"),0.844) -> 0.844
A13: Isaiah Fuhrmann | B13: ELON | C13: WR | D13: WR | E13: CAA | F13: 59 | G13: 35 | H13: 601 | I13: 17.2 | J13: 5 | K13: 7.8999697 | L13: 60.703067 | N13: 7.8999697 | O13: 7.57 | P13: 3.97 | Q13: 0 | R13: {=XLOOKUP(E13, 'Conference Match'!$A$2:$A$40,'Conference Match'!$C$2:$C$40)} -> 0.9 | S13: =IFERROR((P13*0.5+O13*0.2+R13*N13*0.2+Q13*0.1), 0) -> 4.9209946 | T13: =100*(S13-MIN($S$3:$S$511))/(MAX($S$3:$S$511) - MIN($S$3:$S$511)) -> 38.085673 | U13: =T13-L13 -> -22.617394 | W13: =IFERROR(__xludf.DUMMYFUNCTION("iferror(PERCENTRANK.INC(FILTER($S$3:$S$435, $P$3:$P$435<3.75), $S13), 1)"),0.997) -> 0.997 | X13: =IFERROR(__xludf.DUMMYFUNCTION("iferror(PERCENTRANK.INC(FILTER($S$3:$S$435, $P$3:$P$435<4.5), $S13), 1)"),0.968) -> 0.968 | Y13: =IFERROR(__xludf.DUMMYFUNCTION("iferror(PERCENTRANK.INC(FILTER($S$3:$S$435, $P$3:$P$435>=4.1), $S13), 0.01)"),0.703) -> 0.703
A14: Ryan Upp | B14: MOREHEAD | C14: WR | D14: WR | E14: Pioneer | F14: 82 | G14: 55 | H14: 698 | I14: 12.7 | J14: 3 | K14: 6.3404967 | L14: 46.518886 | N14: 6.3404967 | O14: 7.57 | P14: 3.69 | Q14: -6 | R14: {=XLOOKUP(E14, 'Conference Match'!$A$2:$A$40,'Conference Match'!$C$2:$C$40)} -> 0.9 | S14: =IFERROR((P14*0.5+O14*0.2+R14*N14*0.2+Q14*0.1), 0) -> 3.9002894 | T14: =100*(S14-MIN($S$3:$S$511))/(MAX($S$3:$S$511) - MIN($S$3:$S$511)) -> 27.917336 | U14: =T14-L14 -> -18.601551 | W14: =IFERROR(__xludf.DUMMYFUNCTION("iferror(PERCENTRANK.INC(FILTER($S$3:$S$435, $P$3:$P$435<3.75), $S14), 1)"),0.946) -> 0.946 | X14: =IFERROR(__xludf.DUMMYFUNCTION("iferror(PERCENTRANK.INC(FILTER($S$3:$S$435, $P$3:$P$435<4.5), $S14), 1)"),0.8) -> 0.8 | Y14: =IFERROR(__xludf.DUMMYFUNCTION("iferror(PERCENTRANK.INC(FILTER($S$3:$S$435, $P$3:$P$435>=4.1), $S14), 0.01)"),0.196) -> 0.196
A15: Beau Sparks | B15: TEXAS ST | C15: 11 | D15: WR | E15: Sun Belt | F15: 72 | G15: 51 | H15: 743 | I15: 14.6 | J15: 6 | K15: 7.5606886 | L15: 66.896386 | N15: 7.5606886 | O15: 7.55 | P15: 4.4 | Q15: -7 | R15: {=XLOOKUP(E15, 'Conference Match'!$A$2:$A$40,'Conference Match'!$C$2:$C$40)} -> 0.95 | S15: =IFERROR((P15*0.5+O15*0.2+R15*N15*0.2+Q15*0.1), 0) -> 4.4465308 | T15: =100*(S15-MIN($S$3:$S$511))/(MAX($S$3:$S$511) - MIN($S$3:$S$511)) -> 33.359032 | U15: =T15-L15 -> -33.537354 | W15: =IFERROR(__xludf.DUMMYFUNCTION("iferror(PERCENTRANK.INC(FILTER($S$3:$S$435, $P$3:$P$435<3.75), $S15), 1)"),0.975) -> 0.975 | X15: =IFERROR(__xludf.DUMMYFUNCTION("iferror(PERCENTRANK.INC(FILTER($S$3:$S$435, $P$3:$P$435<4.5), $S15), 1)"),0.9) -> 0.9 | Y15: =IFERROR(__xludf.DUMMYFUNCTION("iferror(PERCENTRANK.INC(FILTER($S$3:$S$435, $P$3:$P$435>=4.1), $S15), 0.01)"),0.403) -> 0.403
A16: Tre' Brown III | B16: DOMINION | C16: 2 | D16: WR | E16: Sun Belt | F16: 44 | G16: 24 | H16: 540 | I16: 22.5 | J16: 4 | K16: 9.1209682 | L16: 85.54451 | N16: 9.1209682 | O16: 7.26 | P16: 3.26 | Q16: -2 | R16: {=XLOOKUP(E16, 'Conference Match'!$A$2:$A$40,'Conference Match'!$C$2:$C$40)} -> 0.95 | S16: =IFERROR((P16*0.5+O16*0.2+R16*N16*0.2+Q16*0.1), 0) -> 4.614984 | T16: =100*(S16-MIN($S$3:$S$511))/(MAX($S$3:$S$511) - MIN($S$3:$S$511)) -> 35.037174 | U16: =T16-L16 -> -50.507336 | W16: =IFERROR(__xludf.DUMMYFUNCTION("iferror(PERCENTRANK.INC(FILTER($S$3:$S$435, $P$3:$P$435<3.75), $S16), 1)"),0.98) -> 0.98 | X16: =IFERROR(__xludf.DUMMYFUNCTION("iferror(PERCENTRANK.INC(FILTER($S$3:$S$435, $P$3:$P$435<4.5), $S16), 1)"),0.941) -> 0.941 | Y16: =IFERROR(__xludf.DUMMYFUNCTION("iferror(PERCENTRANK.INC(FILTER($S$3:$S$435, $P$3:$P$435>=4.1), $S16), 0.01)"),0.555) -> 0.555
A17: Reed Swanson | B17: COLGATE | C17: WR | D17: WR | E17: Patriot | F17: 56 | G17: 35 | H17: 624 | I17: 17.8 | J17: 6 | K17: 8.3356037 | L17: 64.665374 | N17: 8.3356037 | O17: 6.78 | P17: 4.41 | Q17: -2 | R17: {=XLOOKUP(E17, 'Conference Match'!$A$2:$A$40,'Conference Match'!$C$2:$C$40)} -> 0.9 | S17: =IFERROR((P17*0.5+O17*0.2+R17*N17*0.2+Q17*0.1), 0) -> 4.8614087 | T17: =100*(S17-MIN($S$3:$S$511))/(MAX($S$3:$S$511) - MIN($S$3:$S$511)) -> 37.492074 | U17: =T17-L17 -> -27.1733 | W17: =IFERROR(__xludf.DUMMYFUNCTION("iferror(PERCENTRANK.INC(FILTER($S$3:$S$435, $P$3:$P$435<3.75), $S17), 1)"),0.994) -> 0.994 | X17: =IFERROR(__xludf.DUMMYFUNCTION("iferror(PERCENTRANK.INC(FILTER($S$3:$S$435, $P$3:$P$435<4.5), $S17), 1)"),0.959) -> 0.959 | Y17: =IFERROR(__xludf.DUMMYFUNCTION("iferror(PERCENTRANK.INC(FILTER($S$3:$S$435, $P$3:$P$435>=4.1), $S17), 0.01)"),0.675) -> 0.675
A18: Owen Sweeney | B18: VA MILT IN | C18: 20 | D18: WR | E18: Southern | F18: 58 | G18: 34 | H18: 639 | I18: 18.8 | J18: 7 | K18: 8.775414 | L18: 68.665667 | N18: 8.775414 | O18: 6.76 | P18: 3.66 | Q18: 0 | R18: {=XLOOKUP(E18, 'Conference Match'!$A$2:$A$40,'Conference Match'!$C$2:$C$40)} -> 0.9 | S18: =IFERROR((P18*0.5+O18*0.2+R18*N18*0.2+Q18*0.1), 0) -> 4.7615745 | T18: =100*(S18-MIN($S$3:$S$511))/(MAX($S$3:$S$511) - MIN($S$3:$S$511)) -> 36.497519 | U18: =T18-L18 -> -32.168147 | W18: =IFERROR(__xludf.DUMMYFUNCTION("iferror(PERCENTRANK.INC(FILTER($S$3:$S$435, $P$3:$P$435<3.75), $S18), 1)"),0.986) -> 0.986 | X18: =IFERROR(__xludf.DUMMYFUNCTION("iferror(PERCENTRANK.INC(FILTER($S$3:$S$435, $P$3:$P$435<4.5), $S18), 1)"),0.95) -> 0.95 | Y18: =IFERROR(__xludf.DUMMYFUNCTION("iferror(PERCENTRANK.INC(FILTER($S$3:$S$435, $P$3:$P$435>=4.1), $S18), 0.01)"),0.644) -> 0.644
A19: Noah Grevious | B19: VA MILT IN | C19: WR | D19: WR | E19: Southern | F19: 59 | G19: 34 | H19: 481 | I19: 14.2 | J19: 2 | K19: 6.3423426 | L19: 46.535676 | N19: 6.3423426 | O19: 6.67 | P19: 3.9 | Q19: -6.5 | R19: {=XLOOKUP(E19, 'Conference Match'!$A$2:$A$40,'Conference Match'!$C$2:$C$40)} -> 0.9 | S19: =IFERROR((P19*0.5+O19*0.2+R19*N19*0.2+Q19*0.1), 0) -> 3.7756217 | T19: =100*(S19-MIN($S$3:$S$511))/(MAX($S$3:$S$511) - MIN($S$3:$S$511)) -> 26.675387 | U19: =T19-L19 -> -19.860289 | W19: =IFERROR(__xludf.DUMMYFUNCTION("iferror(PERCENTRANK.INC(FILTER($S$3:$S$435, $P$3:$P$435<3.75), $S19), 1)"),0.899) -> 0.899 | X19: =IFERROR(__xludf.DUMMYFUNCTION("iferror(PERCENTRANK.INC(FILTER($S$3:$S$435, $P$3:$P$435<4.5), $S19), 1)"),0.732) -> 0.732 | Y19: =IFERROR(__xludf.DUMMYFUNCTION("iferror(PERCENTRANK.INC(FILTER($S$3:$S$435, $P$3:$P$435>=4.1), $S19), 0.01)"),0.165) -> 0.165
A20: Jaceon Doss | B20: TOWSON | C20: 2 | D20: WR | E20: CAA | F20: 35 | G20: 19 | H20: 453 | I20: 23.8 | J20: 3 | K20: 9.2342316 | L20: 72.838841 | N20: 9.2342316 | O20: 6.66 | P20: 5.4 | Q20: 1 | R20: {=XLOOKUP(E20, 'Conference Match'!$A$2:$A$40,'Conference Match'!$C$2:$C$40)} -> 0.9 | S20: =IFERROR((P20*0.5+O20*0.2+R20*N20*0.2+Q20*0.1), 0) -> 5.7941617 | T20: =100*(S20-MIN($S$3:$S$511))/(MAX($S$3:$S$511) - MIN($S$3:$S$511)) -> 46.784226 | U20: =T20-L20 -> -26.054614 | W20: =IFERROR(__xludf.DUMMYFUNCTION("iferror(PERCENTRANK.INC(FILTER($S$3:$S$435, $P$3:$P$435<3.75), $S20), 1)"),1.0) -> 1 | X20: =IFERROR(__xludf.DUMMYFUNCTION("iferror(PERCENTRANK.INC(FILTER($S$3:$S$435, $P$3:$P$435<4.5), $S20), 1)"),1.0) -> 1 | Y20: =IFERROR(__xludf.DUMMYFUNCTION("iferror(PERCENTRANK.INC(FILTER($S$3:$S$435, $P$3:$P$435>=4.1), $S20), 0.01)"),0.961) -> 0.961
A21: Jared Richardson | B21: PENN | C21: 17 | D21: WR | E21: Ivy | F21: 67 | G21: 48 | H21: 733 | I21: 15.3 | J21: 9 | K21: 8.374962 | L21: 65.023358 | N21: 8.374962 | O21: 6.61 | P21: 4.69 | Q21: -5 | R21: {=XLOOKUP(E21, 'Conference Match'!$A$2:$A$40,'Conference Match'!$C$2:$C$40)} -> 0.9 | S21: =IFERROR((P21*0.5+O21*0.2+R21*N21*0.2+Q21*0.1), 0) -> 4.6744932 | T21: =100*(S21-MIN($S$3:$S$511))/(MAX($S$3:$S$511) - MIN($S$3:$S$511)) -> 35.630009 | U21: =T21-L21 -> -29.393349 | W21: =IFERROR(__xludf.DUMMYFUNCTION("iferror(PERCENTRANK.INC(FILTER($S$3:$S$435, $P$3:$P$435<3.75), $S21), 1)"),0.982) -> 0.982 | X21: =IFERROR(__xludf.DUMMYFUNCTION("iferror(PERCENTRANK.INC(FILTER($S$3:$S$435, $P$3:$P$435<4.5), $S21), 1)"),0.947) -> 0.947 | Y21: =IFERROR(__xludf.DUMMYFUNCTION("iferror(PERCENTRANK.INC(FILTER($S$3:$S$435, $P$3:$P$435>=4.1), $S21), 0.01)"),0.597) -> 0.597
A22: Jackson Harris | B22: HAWAII | C22: 9 | D22: WR | E22: MWC | F22: 46 | G22: 30 | H22: 476 | I22: 15.9 | J22: 5 | K22: 7.5203777 | L22: 66.4146 | N22: 7.5203777 | O22: 6.43 | P22: 4.76 | Q22: 5.5 | R22: {=XLOOKUP(E22, 'Conference Match'!$A$2:$A$40,'Conference Match'!$C$2:$C$40)} -> 0.95 | S22: =IFERROR((P22*0.5+O22*0.2+R22*N22*0.2+Q22*0.1), 0) -> 5.6448718 | T22: =100*(S22-MIN($S$3:$S$511))/(MAX($S$3:$S$511) - MIN($S$3:$S$511)) -> 45.29699 | U22: =T22-L22 -> -21.11761 | W22: =IFERROR(__xludf.DUMMYFUNCTION("iferror(PERCENTRANK.INC(FILTER($S$3:$S$435, $P$3:$P$435<3.75), $S22), 1)"),1.0) -> 1 | X22: =IFERROR(__xludf.DUMMYFUNCTION("iferror(PERCENTRANK.INC(FILTER($S$3:$S$435, $P$3:$P$435<4.5), $S22), 1)"),0.999) -> 0.999 | Y22: =IFERROR(__xludf.DUMMYFUNCTION("iferror(PERCENTRANK.INC(FILTER($S$3:$S$435, $P$3:$P$435>=4.1), $S22), 0.01)"),0.935) -> 0.935
A23: Pofele Ashlock | B23: HAWAII | C23: 5 | D23: WR | E23: MWC | F23: 82 | G23: 50 | H23: 499 | I23: 10 | J23: 6 | K23: 6.0075698 | L23: 48.333848 | N23: 6.0075698 | O23: 6.43 | P23: 4.4 | Q23: 5.5 | R23: {=XLOOKUP(E23, 'Conference Match'!$A$2:$A$40,'Conference Match'!$C$2:$C$40)} -> 0.95 | S23: =IFERROR((P23*0.5+O23*0.2+R23*N23*0.2+Q23*0.1), 0) -> 5.1774383 | T23: =100*(S23-MIN($S$3:$S$511))/(MAX($S$3:$S$511) - MIN($S$3:$S$511)) -> 40.640384 | U23: =T23-L23 -> -7.6934644 | W23: =IFERROR(__xludf.DUMMYFUNCTION("iferror(PERCENTRANK.INC(FILTER($S$3:$S$435, $P$3:$P$435<3.75), $S23), 1)"),1.0) -> 1 | X23: =IFERROR(__xludf.DUMMYFUNCTION("iferror(PERCENTRANK.INC(FILTER($S$3:$S$435, $P$3:$P$435<4.5), $S23), 1)"),0.986) -> 0.986 | Y23: =IFERROR(__xludf.DUMMYFUNCTION("iferror(PERCENTRANK.INC(FILTER($S$3:$S$435, $P$3:$P$435>=4.1), $S23), 0.01)"),0.779) -> 0.779
A24: Michael Mussari | B24: DAYTON | C24: WR | D24: WR | E24: Pioneer | F24: 47 | G24: 26 | H24: 487 | I24: 18.7 | J24: 5 | K24: 8.2043884 | L24: 63.471906 | N24: 8.2043884 | O24: 6.41 | P24: 3.31 | Q24: -0.5 | R24: {=XLOOKUP(E24, 'Conference Match'!$A$2:$A$40,'Conference Match'!$C$2:$C$40)} -> 0.9 | S24: =IFERROR((P24*0.5+O24*0.2+R24*N24*0.2+Q24*0.1), 0) -> 4.3637899 | T24: =100*(S24-MIN($S$3:$S$511))/(MAX($S$3:$S$511) - MIN($S$3:$S$511)) -> 32.534761 | U24: =T24-L24 -> -30.937145 | W24: =IFERROR(__xludf.DUMMYFUNCTION("iferror(PERCENTRANK.INC(FILTER($S$3:$S$435, $P$3:$P$435<3.75), $S24), 1)"),0.973) -> 0.973 | X24: =IFERROR(__xludf.DUMMYFUNCTION("iferror(PERCENTRANK.INC(FILTER($S$3:$S$435, $P$3:$P$435<4.5), $S24), 1)"),0.886) -> 0.886 | Y24: =IFERROR(__xludf.DUMMYFUNCTION("iferror(PERCENTRANK.INC(FILTER($S$3:$S$435, $P$3:$P$435>=4.1), $S24), 0.01)"),0.358) -> 0.358
A25: Devin Matthews | B25: TXAMCO | C25: WR | D25: WR | E25: Southland | F25: 34 | G25: 26 | H25: 535 | I25: 20.6 | J25: 5 | K25: 9.1590777 | L25: 72.155279 | N25: 9.1590777 | O25: 6.38 | P25: 4.03 | Q25: -4.5 | R25: {=XLOOKUP(E25, 'Conference Match'!$A$2:$A$40,'Conference Match'!$C$2:$C$40)} -> 0.9 | S25: =IFERROR((P25*0.5+O25*0.2+R25*N25*0.2+Q25*0.1), 0) -> 4.489634 | T25: =100*(S25-MIN($S$3:$S$511))/(MAX($S$3:$S$511) - MIN($S$3:$S$511)) -> 33.788428 | U25: =T25-L25 -> -38.36685 | W25: =IFERROR(__xludf.DUMMYFUNCTION("iferror(PERCENTRANK.INC(FILTER($S$3:$S$435, $P$3:$P$435<3.75), $S25), 1)"),0.976) -> 0.976 | X25: =IFERROR(__xludf.DUMMYFUNCTION("iferror(PERCENTRANK.INC(FILTER($S$3:$S$435, $P$3:$P$435<4.5), $S25), 1)"),0.909) -> 0.909 | Y25: =IFERROR(__xludf.DUMMYFUNCTION("iferror(PERCENTRANK.INC(FILTER($S$3:$S$435, $P$3:$P$435>=4.1), $S25), 0.01)"),0.46) -> 0.46
A26: Jacquon Gibson | B26: UMASS | C26: 2 | D26: WR | E26: MAC | F26: 56 | G26: 36 | H26: 358 | I26: 9.9 | J26: 0 | K26: 4.6900679 | L26: 32.587352 | N26: 4.6900679 | O26: 6.34 | P26: 3.83 | Q26: -2 | R26: {=XLOOKUP(E26, 'Conference Match'!$A$2:$A$40,'Conference Match'!$C$2:$C$40)} -> 0.95 | S26: =IFERROR((P26*0.5+O26*0.2+R26*N26*0.2+Q26*0.1), 0) -> 3.8741129 | T26: =100*(S26-MIN($S$3:$S$511))/(MAX($S$3:$S$511) - MIN($S$3:$S$511)) -> 27.656564 | U26: =T26-L26 -> -4.9307882 | W26: =IFERROR(__xludf.DUMMYFUNCTION("iferror(PERCENTRANK.INC(FILTER($S$3:$S$435, $P$3:$P$435<3.75), $S26), 1)"),0.94) -> 0.94 | X26: =IFERROR(__xludf.DUMMYFUNCTION("iferror(PERCENTRANK.INC(FILTER($S$3:$S$435, $P$3:$P$435<4.5), $S26), 1)"),0.786) -> 0.786 | Y26: =IFERROR(__xludf.DUMMYFUNCTION("iferror(PERCENTRANK.INC(FILTER($S$3:$S$435, $P$3:$P$435>=4.1), $S26), 0.01)"),0.192) -> 0.192
A27: Kalvin Gilbert | B27: SE MO ST | C27: WR | D27: WR | E27: Big South - OVC Football Association | F27: 52 | G27: 32 | H27: 513 | I27: 16 | J27: 5 | K27: 7.5299868 | L27: 57.337889 | N27: 7.5299868 | O27: 6.15 | P27: 3.44 | Q27: -5.5 | R27: {=XLOOKUP(E27, 'Conference Match'!$A$2:$A$40,'Conference Match'!$C$2:$C$40)} -> 0.9 | S27: =IFERROR((P27*0.5+O27*0.2+R27*N27*0.2+Q27*0.1), 0) -> 3.7553976 | T27: =100*(S27-MIN($S$3:$S$511))/(MAX($S$3:$S$511) - MIN($S$3:$S$511)) -> 26.473913 | U27: =T27-L27 -> -30.863975 | W27: =IFERROR(__xludf.DUMMYFUNCTION("iferror(PERCENTRANK.INC(FILTER($S$3:$S$435, $P$3:$P$435<3.75), $S27), 1)"),0.884) -> 0.884 | X27: =IFERROR(__xludf.DUMMYFUNCTION("iferror(PERCENTRANK.INC(FILTER($S$3:$S$435, $P$3:$P$435<4.5), $S27), 1)"),0.714) -> 0.714 | Y27: =IFERROR(__xludf.DUMMYFUNCTION("iferror(PERCENTRANK.INC(FILTER($S$3:$S$435, $P$3:$P$435>=4.1), $S27), 0.01)"),0.154) -> 0.154
